{
  "last_node_id": 117,
  "last_link_id": 203,
  "nodes": [
    {
      "id": 80,
      "type": "LatentKeyframe",
      "pos": [
        380,
        810
      ],
      "size": {
        "0": 304,
        "1": 82
      },
      "flags": {},
      "order": 24,
      "mode": 0,
      "inputs": [
        {
          "name": "prev_latent_keyframe",
          "type": "LATENT_KEYFRAME",
          "link": 135
        }
      ],
      "outputs": [
        {
          "name": "LATENT_KEYFRAME",
          "type": "LATENT_KEYFRAME",
          "links": [
            133
          ],
          "shape": 3,
          "slot_index": 0
        }
      ],
      "properties": {
        "Node name for S&R": "LatentKeyframe"
      },
      "widgets_values": [
        0,
        1
      ],
      "color": "#1a572e",
      "bgcolor": "#2e6b42"
    },
    {
      "id": 93,
      "type": "LatentKeyframe",
      "pos": [
        1100,
        1200
      ],
      "size": {
        "0": 304,
        "1": 82
      },
      "flags": {},
      "order": 0,
      "mode": 0,
      "inputs": [
        {
          "name": "prev_latent_keyframe",
          "type": "LATENT_KEYFRAME",
          "link": null,
          "slot_index": 0
        }
      ],
      "outputs": [
        {
          "name": "LATENT_KEYFRAME",
          "type": "LATENT_KEYFRAME",
          "links": [
            155
          ],
          "shape": 3,
          "slot_index": 0
        }
      ],
      "properties": {
        "Node name for S&R": "LatentKeyframe"
      },
      "widgets_values": [
        15,
        1
      ],
      "color": "#1a572e",
      "bgcolor": "#2e6b42"
    },
    {
      "id": 84,
      "type": "LatentKeyframe",
      "pos": [
        380,
        1070
      ],
      "size": {
        "0": 304,
        "1": 82
      },
      "flags": {},
      "order": 16,
      "mode": 0,
      "inputs": [
        {
          "name": "prev_latent_keyframe",
          "type": "LATENT_KEYFRAME",
          "link": 138
        }
      ],
      "outputs": [
        {
          "name": "LATENT_KEYFRAME",
          "type": "LATENT_KEYFRAME",
          "links": [
            136
          ],
          "shape": 3,
          "slot_index": 0
        }
      ],
      "properties": {
        "Node name for S&R": "LatentKeyframe"
      },
      "widgets_values": [
        4,
        0.5
      ],
      "color": "#1a572e",
      "bgcolor": "#2e6b42"
    },
    {
      "id": 83,
      "type": "LatentKeyframe",
      "pos": [
        60,
        1070
      ],
      "size": {
        "0": 304,
        "1": 82
      },
      "flags": {},
      "order": 14,
      "mode": 0,
      "inputs": [
        {
          "name": "prev_latent_keyframe",
          "type": "LATENT_KEYFRAME",
          "link": 147,
          "slot_index": 0
        }
      ],
      "outputs": [
        {
          "name": "LATENT_KEYFRAME",
          "type": "LATENT_KEYFRAME",
          "links": [
            138
          ],
          "shape": 3,
          "slot_index": 0
        }
      ],
      "properties": {
        "Node name for S&R": "LatentKeyframe"
      },
      "widgets_values": [
        5,
        0.4
      ],
      "color": "#1a572e",
      "bgcolor": "#2e6b42"
    },
    {
      "id": 81,
      "type": "LatentKeyframe",
      "pos": [
        60,
        940
      ],
      "size": {
        "0": 304,
        "1": 82
      },
      "flags": {},
      "order": 18,
      "mode": 0,
      "inputs": [
        {
          "name": "prev_latent_keyframe",
          "type": "LATENT_KEYFRAME",
          "link": 136,
          "slot_index": 0
        }
      ],
      "outputs": [
        {
          "name": "LATENT_KEYFRAME",
          "type": "LATENT_KEYFRAME",
          "links": [
            137
          ],
          "shape": 3,
          "slot_index": 0
        }
      ],
      "properties": {
        "Node name for S&R": "LatentKeyframe"
      },
      "widgets_values": [
        3,
        0.6000000000000001
      ],
      "color": "#1a572e",
      "bgcolor": "#2e6b42"
    },
    {
      "id": 92,
      "type": "LatentKeyframe",
      "pos": [
        60,
        1200
      ],
      "size": {
        "0": 304,
        "1": 82
      },
      "flags": {},
      "order": 1,
      "mode": 0,
      "inputs": [
        {
          "name": "prev_latent_keyframe",
          "type": "LATENT_KEYFRAME",
          "link": null
        }
      ],
      "outputs": [
        {
          "name": "LATENT_KEYFRAME",
          "type": "LATENT_KEYFRAME",
          "links": [
            153
          ],
          "shape": 3,
          "slot_index": 0
        }
      ],
      "properties": {
        "Node name for S&R": "LatentKeyframe"
      },
      "widgets_values": [
        7,
        0.2
      ],
      "color": "#1a572e",
      "bgcolor": "#2e6b42"
    },
    {
      "id": 88,
      "type": "LatentKeyframe",
      "pos": [
        380,
        1200
      ],
      "size": {
        "0": 304,
        "1": 82
      },
      "flags": {},
      "order": 9,
      "mode": 0,
      "inputs": [
        {
          "name": "prev_latent_keyframe",
          "type": "LATENT_KEYFRAME",
          "link": 153
        }
      ],
      "outputs": [
        {
          "name": "LATENT_KEYFRAME",
          "type": "LATENT_KEYFRAME",
          "links": [
            147
          ],
          "shape": 3,
          "slot_index": 0
        }
      ],
      "properties": {
        "Node name for S&R": "LatentKeyframe"
      },
      "widgets_values": [
        6,
        0.30000000000000004
      ],
      "color": "#1a572e",
      "bgcolor": "#2e6b42"
    },
    {
      "id": 76,
      "type": "LatentKeyframe",
      "pos": [
        1100,
        940
      ],
      "size": {
        "0": 304,
        "1": 82
      },
      "flags": {},
      "order": 17,
      "mode": 0,
      "inputs": [
        {
          "name": "prev_latent_keyframe",
          "type": "LATENT_KEYFRAME",
          "link": 157,
          "slot_index": 0
        }
      ],
      "outputs": [
        {
          "name": "LATENT_KEYFRAME",
          "type": "LATENT_KEYFRAME",
          "links": [
            131
          ],
          "shape": 3,
          "slot_index": 0
        }
      ],
      "properties": {
        "Node name for S&R": "LatentKeyframe"
      },
      "widgets_values": [
        11,
        0.5
      ],
      "color": "#1a572e",
      "bgcolor": "#2e6b42"
    },
    {
      "id": 77,
      "type": "LatentKeyframe",
      "pos": [
        1420,
        940
      ],
      "size": {
        "0": 304,
        "1": 82
      },
      "flags": {},
      "order": 19,
      "mode": 0,
      "inputs": [
        {
          "name": "prev_latent_keyframe",
          "type": "LATENT_KEYFRAME",
          "link": 131
        }
      ],
      "outputs": [
        {
          "name": "LATENT_KEYFRAME",
          "type": "LATENT_KEYFRAME",
          "links": [
            132
          ],
          "shape": 3,
          "slot_index": 0
        }
      ],
      "properties": {
        "Node name for S&R": "LatentKeyframe"
      },
      "widgets_values": [
        10,
        0.4
      ],
      "color": "#1a572e",
      "bgcolor": "#2e6b42"
    },
    {
      "id": 74,
      "type": "LatentKeyframe",
      "pos": [
        1100,
        810
      ],
      "size": {
        "0": 304,
        "1": 82
      },
      "flags": {},
      "order": 21,
      "mode": 0,
      "inputs": [
        {
          "name": "prev_latent_keyframe",
          "type": "LATENT_KEYFRAME",
          "link": 132,
          "slot_index": 0
        }
      ],
      "outputs": [
        {
          "name": "LATENT_KEYFRAME",
          "type": "LATENT_KEYFRAME",
          "links": [
            129
          ],
          "shape": 3,
          "slot_index": 0
        }
      ],
      "properties": {
        "Node name for S&R": "LatentKeyframe"
      },
      "widgets_values": [
        9,
        0.30000000000000004
      ],
      "color": "#1a572e",
      "bgcolor": "#2e6b42"
    },
    {
      "id": 75,
      "type": "LatentKeyframe",
      "pos": [
        1420,
        810
      ],
      "size": {
        "0": 304,
        "1": 82
      },
      "flags": {},
      "order": 23,
      "mode": 0,
      "inputs": [
        {
          "name": "prev_latent_keyframe",
          "type": "LATENT_KEYFRAME",
          "link": 129
        }
      ],
      "outputs": [
        {
          "name": "LATENT_KEYFRAME",
          "type": "LATENT_KEYFRAME",
          "links": [
            154
          ],
          "shape": 3,
          "slot_index": 0
        }
      ],
      "properties": {
        "Node name for S&R": "LatentKeyframe"
      },
      "widgets_values": [
        8,
        0.2
      ],
      "color": "#1a572e",
      "bgcolor": "#2e6b42"
    },
    {
      "id": 71,
      "type": "TimestepKeyframe",
      "pos": [
        1100,
        640
      ],
      "size": {
        "0": 340,
        "1": 120
      },
      "flags": {},
      "order": 25,
      "mode": 0,
      "inputs": [
        {
          "name": "control_net_weights",
          "type": "CONTROL_NET_WEIGHTS",
          "link": null
        },
        {
          "name": "t2i_adapter_weights",
          "type": "T2I_ADAPTER_WEIGHTS",
          "link": null
        },
        {
          "name": "latent_keyframe",
          "type": "LATENT_KEYFRAME",
          "link": 154,
          "slot_index": 2
        },
        {
          "name": "prev_timestep_keyframe",
          "type": "TIMESTEP_KEYFRAME",
          "link": null
        }
      ],
      "outputs": [
        {
          "name": "TIMESTEP_KEYFRAME",
          "type": "TIMESTEP_KEYFRAME",
          "links": [
            123
          ],
          "shape": 3
        }
      ],
      "properties": {
        "Node name for S&R": "TimestepKeyframe"
      },
      "widgets_values": [
        0
      ]
    },
    {
      "id": 78,
      "type": "TimestepKeyframe",
      "pos": [
        60,
        640
      ],
      "size": {
        "0": 340,
        "1": 120
      },
      "flags": {},
      "order": 26,
      "mode": 0,
      "inputs": [
        {
          "name": "control_net_weights",
          "type": "CONTROL_NET_WEIGHTS",
          "link": null,
          "slot_index": 0
        },
        {
          "name": "t2i_adapter_weights",
          "type": "T2I_ADAPTER_WEIGHTS",
          "link": null
        },
        {
          "name": "latent_keyframe",
          "type": "LATENT_KEYFRAME",
          "link": 133,
          "slot_index": 2
        },
        {
          "name": "prev_timestep_keyframe",
          "type": "TIMESTEP_KEYFRAME",
          "link": null,
          "slot_index": 3
        }
      ],
      "outputs": [
        {
          "name": "TIMESTEP_KEYFRAME",
          "type": "TIMESTEP_KEYFRAME",
          "links": [
            152
          ],
          "shape": 3,
          "slot_index": 0
        }
      ],
      "properties": {
        "Node name for S&R": "TimestepKeyframe"
      },
      "widgets_values": [
        0
      ]
    },
    {
      "id": 34,
      "type": "LoadImage",
      "pos": [
        -280,
        810
      ],
      "size": {
        "0": 310,
        "1": 314
      },
      "flags": {},
      "order": 2,
      "mode": 0,
      "outputs": [
        {
          "name": "IMAGE",
          "type": "IMAGE",
          "links": [
            115
          ],
          "shape": 3,
          "slot_index": 0
        },
        {
          "name": "MASK",
          "type": "MASK",
          "links": null,
          "shape": 3
        }
      ],
      "properties": {
        "Node name for S&R": "LoadImage"
      },
      "widgets_values": [
        "01124-528828944 (1).png",
        "image"
      ],
      "color": "#1a5757",
      "bgcolor": "#2e6b6b"
    },
    {
      "id": 82,
      "type": "LatentKeyframe",
      "pos": [
        380,
        940
      ],
      "size": {
        "0": 304,
        "1": 82
      },
      "flags": {},
      "order": 20,
      "mode": 0,
      "inputs": [
        {
          "name": "prev_latent_keyframe",
          "type": "LATENT_KEYFRAME",
          "link": 137
        }
      ],
      "outputs": [
        {
          "name": "LATENT_KEYFRAME",
          "type": "LATENT_KEYFRAME",
          "links": [
            134
          ],
          "shape": 3,
          "slot_index": 0
        }
      ],
      "properties": {
        "Node name for S&R": "LatentKeyframe"
      },
      "widgets_values": [
        2,
        0.7000000000000001
      ],
      "color": "#1a572e",
      "bgcolor": "#2e6b42"
    },
    {
      "id": 79,
      "type": "LatentKeyframe",
      "pos": [
        60,
        810
      ],
      "size": {
        "0": 304,
        "1": 82
      },
      "flags": {},
      "order": 22,
      "mode": 0,
      "inputs": [
        {
          "name": "prev_latent_keyframe",
          "type": "LATENT_KEYFRAME",
          "link": 134
        }
      ],
      "outputs": [
        {
          "name": "LATENT_KEYFRAME",
          "type": "LATENT_KEYFRAME",
          "links": [
            135
          ],
          "shape": 3,
          "slot_index": 0
        }
      ],
      "properties": {
        "Node name for S&R": "LatentKeyframe"
      },
      "widgets_values": [
        1,
        0.8
      ],
      "color": "#1a572e",
      "bgcolor": "#2e6b42"
    },
    {
      "id": 94,
      "type": "LatentKeyframe",
      "pos": [
        1420,
        1200
      ],
      "size": {
        "0": 304,
        "1": 82
      },
      "flags": {},
      "order": 8,
      "mode": 0,
      "inputs": [
        {
          "name": "prev_latent_keyframe",
          "type": "LATENT_KEYFRAME",
          "link": 155
        }
      ],
      "outputs": [
        {
          "name": "LATENT_KEYFRAME",
          "type": "LATENT_KEYFRAME",
          "links": [
            156
          ],
          "shape": 3,
          "slot_index": 0
        }
      ],
      "properties": {
        "Node name for S&R": "LatentKeyframe"
      },
      "widgets_values": [
        14,
        0.8
      ],
      "color": "#1a572e",
      "bgcolor": "#2e6b42"
    },
    {
      "id": 89,
      "type": "LatentKeyframe",
      "pos": [
        1100,
        1070
      ],
      "size": {
        "0": 304,
        "1": 82
      },
      "flags": {},
      "order": 13,
      "mode": 0,
      "inputs": [
        {
          "name": "prev_latent_keyframe",
          "type": "LATENT_KEYFRAME",
          "link": 156,
          "slot_index": 0
        }
      ],
      "outputs": [
        {
          "name": "LATENT_KEYFRAME",
          "type": "LATENT_KEYFRAME",
          "links": [
            148
          ],
          "shape": 3,
          "slot_index": 0
        }
      ],
      "properties": {
        "Node name for S&R": "LatentKeyframe"
      },
      "widgets_values": [
        13,
        0.7000000000000001
      ],
      "color": "#1a572e",
      "bgcolor": "#2e6b42"
    },
    {
      "id": 90,
      "type": "LatentKeyframe",
      "pos": [
        1420,
        1070
      ],
      "size": {
        "0": 304,
        "1": 82
      },
      "flags": {},
      "order": 15,
      "mode": 0,
      "inputs": [
        {
          "name": "prev_latent_keyframe",
          "type": "LATENT_KEYFRAME",
          "link": 148
        }
      ],
      "outputs": [
        {
          "name": "LATENT_KEYFRAME",
          "type": "LATENT_KEYFRAME",
          "links": [
            157
          ],
          "shape": 3,
          "slot_index": 0
        }
      ],
      "properties": {
        "Node name for S&R": "LatentKeyframe"
      },
      "widgets_values": [
        12,
        0.6000000000000001
      ],
      "color": "#1a572e",
      "bgcolor": "#2e6b42"
    },
    {
      "id": 68,
      "type": "ControlNetLoaderAdvanced",
      "pos": [
        1100,
        530
      ],
      "size": {
        "0": 344.3999938964844,
        "1": 60
      },
      "flags": {},
      "order": 27,
      "mode": 0,
      "inputs": [
        {
          "name": "timestep_keyframe",
          "type": "TIMESTEP_KEYFRAME",
          "link": 123,
          "slot_index": 0
        }
      ],
      "outputs": [
        {
          "name": "CONTROL_NET",
          "type": "CONTROL_NET",
          "links": [
            122
          ],
          "shape": 3,
          "slot_index": 0
        }
      ],
      "properties": {
        "Node name for S&R": "ControlNetLoaderAdvanced"
      },
      "widgets_values": [
        "control_v11f1e_sd15_tile_fp16.safetensors"
      ],
      "color": "#571a1a",
      "bgcolor": "#6b2e2e"
    },
    {
      "id": 70,
      "type": "LoadImage",
      "pos": [
        760,
        810
      ],
      "size": {
        "0": 310,
        "1": 314
      },
      "flags": {},
      "order": 3,
      "mode": 0,
      "outputs": [
        {
          "name": "IMAGE",
          "type": "IMAGE",
          "links": [
            119
          ],
          "shape": 3,
          "slot_index": 0
        },
        {
          "name": "MASK",
          "type": "MASK",
          "links": null,
          "shape": 3
        }
      ],
      "properties": {
        "Node name for S&R": "LoadImage"
      },
      "widgets_values": [
        "01115-1023982799 (1).png",
        "image"
      ],
      "color": "#1a5757",
      "bgcolor": "#2e6b6b"
    },
    {
      "id": 36,
      "type": "ControlNetLoaderAdvanced",
      "pos": [
        60,
        530
      ],
      "size": {
        "0": 344.3999938964844,
        "1": 60
      },
      "flags": {},
      "order": 28,
      "mode": 0,
      "inputs": [
        {
          "name": "timestep_keyframe",
          "type": "TIMESTEP_KEYFRAME",
          "link": 152,
          "slot_index": 0
        }
      ],
      "outputs": [
        {
          "name": "CONTROL_NET",
          "type": "CONTROL_NET",
          "links": [
            68
          ],
          "shape": 3,
          "slot_index": 0
        }
      ],
      "properties": {
        "Node name for S&R": "ControlNetLoaderAdvanced"
      },
      "widgets_values": [
        "control_v11f1e_sd15_tile_fp16.safetensors"
      ],
      "color": "#571a1a",
      "bgcolor": "#6b2e2e"
    },
    {
      "id": 39,
      "type": "ControlNetApplyAdvanced",
      "pos": [
        622,
        486
      ],
      "size": {
        "0": 260,
        "1": 170
      },
      "flags": {},
      "order": 29,
      "mode": 0,
      "inputs": [
        {
          "name": "positive",
          "type": "CONDITIONING",
          "link": 69
        },
        {
          "name": "negative",
          "type": "CONDITIONING",
          "link": 70
        },
        {
          "name": "control_net",
          "type": "CONTROL_NET",
          "link": 68
        },
        {
          "name": "image",
          "type": "IMAGE",
          "link": 115
        }
      ],
      "outputs": [
        {
          "name": "positive",
          "type": "CONDITIONING",
          "links": [
            117
          ],
          "shape": 3,
          "slot_index": 0
        },
        {
          "name": "negative",
          "type": "CONDITIONING",
          "links": [
            118
          ],
          "shape": 3,
          "slot_index": 1
        }
      ],
      "properties": {
        "Node name for S&R": "ControlNetApplyAdvanced"
      },
      "widgets_values": [
        1,
        0,
        1
      ],
      "color": "#43571a",
      "bgcolor": "#576b2e"
    },
    {
      "id": 4,
      "type": "CheckpointLoaderSimple",
      "pos": [
        -430,
        -59
      ],
      "size": {
        "0": 310,
        "1": 100
      },
      "flags": {},
      "order": 4,
      "mode": 0,
      "outputs": [
        {
          "name": "MODEL",
          "type": "MODEL",
          "links": [
            189
          ],
          "slot_index": 0
        },
        {
          "name": "CLIP",
          "type": "CLIP",
          "links": [
            3,
            5
          ],
          "slot_index": 1
        },
        {
          "name": "VAE",
          "type": "VAE",
          "links": [],
          "slot_index": 2
        }
      ],
      "properties": {
        "Node name for S&R": "CheckpointLoaderSimple"
      },
      "widgets_values": [
        "darkSushiMixMix_225D.safetensors"
      ],
      "color": "#571a1a",
      "bgcolor": "#6b2e2e"
    },
    {
      "id": 20,
      "type": "EmptyLatentImage",
      "pos": [
        895,
        146
      ],
      "size": {
        "0": 310,
        "1": 110
      },
      "flags": {},
      "order": 5,
      "mode": 0,
      "outputs": [
        {
          "name": "LATENT",
          "type": "LATENT",
          "links": [
            191
          ],
          "shape": 3,
          "slot_index": 0
        }
      ],
      "properties": {
        "Node name for S&R": "EmptyLatentImage"
      },
      "widgets_values": [
        512,
        768,
        16
      ],
      "color": "#1a572e",
      "bgcolor": "#2e6b42"
    },
    {
      "id": 109,
      "type": "ADE_AnimateDiffUniformContextOptions",
      "pos": [
        -350,
        -294
      ],
      "size": {
        "0": 315,
        "1": 154
      },
      "flags": {},
      "order": 6,
      "mode": 0,
      "outputs": [
        {
          "name": "CONTEXT_OPTIONS",
          "type": "CONTEXT_OPTIONS",
          "links": [
            188
          ],
          "shape": 3,
          "slot_index": 0
        }
      ],
      "properties": {
        "Node name for S&R": "ADE_AnimateDiffUniformContextOptions"
      },
      "widgets_values": [
        16,
        1,
        4,
        "uniform",
        false
      ]
    },
    {
      "id": 113,
      "type": "LatentUpscaleBy",
      "pos": [
        2064,
        648
      ],
      "size": {
        "0": 315,
        "1": 82
      },
      "flags": {},
      "order": 33,
      "mode": 0,
      "inputs": [
        {
          "name": "samples",
          "type": "LATENT",
          "link": 203
        }
      ],
      "outputs": [
        {
          "name": "LATENT",
          "type": "LATENT",
          "links": [
            194
          ],
          "shape": 3,
          "slot_index": 0
        }
      ],
      "properties": {
        "Node name for S&R": "LatentUpscaleBy"
      },
      "widgets_values": [
        "nearest-exact",
        1.5
      ]
    },
    {
      "id": 6,
      "type": "CLIPTextEncode",
      "pos": [
        60,
        140
      ],
      "size": {
        "0": 340,
        "1": 110
      },
      "flags": {},
      "order": 10,
      "mode": 0,
      "inputs": [
        {
          "name": "clip",
          "type": "CLIP",
          "link": 3
        }
      ],
      "outputs": [
        {
          "name": "CONDITIONING",
          "type": "CONDITIONING",
          "links": [
            69
          ],
          "slot_index": 0
        }
      ],
      "properties": {
        "Node name for S&R": "CLIPTextEncode"
      },
      "widgets_values": [
        "(best quality, masterpiece:1.2), ultra high res, complex detail, 1girl, black_eyes, black_hair, solo, dancing wearing floral dress in the cathedral\n"
      ],
      "color": "#572e1a",
      "bgcolor": "#6b422e"
    },
    {
      "id": 7,
      "type": "CLIPTextEncode",
      "pos": [
        60,
        300
      ],
      "size": {
        "0": 340,
        "1": 100
      },
      "flags": {},
      "order": 11,
      "mode": 0,
      "inputs": [
        {
          "name": "clip",
          "type": "CLIP",
          "link": 5
        }
      ],
      "outputs": [
        {
          "name": "CONDITIONING",
          "type": "CONDITIONING",
          "links": [
            70
          ],
          "slot_index": 0
        }
      ],
      "properties": {
        "Node name for S&R": "CLIPTextEncode"
      },
      "widgets_values": [
        "(worst quality,low quality:1.2),(nsfw, nude), lowres, monochrome,grayscale,"
      ],
      "color": "#572e1a",
      "bgcolor": "#6b422e"
    },
    {
      "id": 44,
      "type": "VAEDecode",
      "pos": [
        2038,
        335
      ],
      "size": {
        "0": 210,
        "1": 46
      },
      "flags": {},
      "order": 32,
      "mode": 0,
      "inputs": [
        {
          "name": "samples",
          "type": "LATENT",
          "link": 178
        },
        {
          "name": "vae",
          "type": "VAE",
          "link": 82
        }
      ],
      "outputs": [
        {
          "name": "IMAGE",
          "type": "IMAGE",
          "links": [
            192
          ],
          "shape": 3,
          "slot_index": 0
        }
      ],
      "properties": {
        "Node name for S&R": "VAEDecode"
      },
      "color": "#2e571a",
      "bgcolor": "#426b2e"
    },
    {
      "id": 115,
      "type": "VAEDecode",
      "pos": [
        2489,
        677
      ],
      "size": {
        "0": 210,
        "1": 46
      },
      "flags": {},
      "order": 36,
      "mode": 0,
      "inputs": [
        {
          "name": "samples",
          "type": "LATENT",
          "link": 198
        },
        {
          "name": "vae",
          "type": "VAE",
          "link": 200
        }
      ],
      "outputs": [
        {
          "name": "IMAGE",
          "type": "IMAGE",
          "links": [
            199
          ],
          "shape": 3,
          "slot_index": 0
        }
      ],
      "properties": {
        "Node name for S&R": "VAEDecode"
      },
      "color": "#2e571a",
      "bgcolor": "#426b2e"
    },
    {
      "id": 13,
      "type": "VAELoader",
      "pos": [
        -389,
        322
      ],
      "size": {
        "0": 310,
        "1": 60
      },
      "flags": {},
      "order": 7,
      "mode": 0,
      "outputs": [
        {
          "name": "VAE",
          "type": "VAE",
          "links": [
            82,
            200
          ],
          "shape": 3,
          "slot_index": 0
        }
      ],
      "properties": {
        "Node name for S&R": "VAELoader"
      },
      "widgets_values": [
        "vae-ft-mse-840000-ema-pruned.vae.safetensors"
      ],
      "color": "#571a1a",
      "bgcolor": "#6b2e2e"
    },
    {
      "id": 67,
      "type": "ControlNetApplyAdvanced",
      "pos": [
        1578,
        517
      ],
      "size": {
        "0": 260,
        "1": 170
      },
      "flags": {},
      "order": 30,
      "mode": 0,
      "inputs": [
        {
          "name": "positive",
          "type": "CONDITIONING",
          "link": 117
        },
        {
          "name": "negative",
          "type": "CONDITIONING",
          "link": 118
        },
        {
          "name": "control_net",
          "type": "CONTROL_NET",
          "link": 122
        },
        {
          "name": "image",
          "type": "IMAGE",
          "link": 119
        }
      ],
      "outputs": [
        {
          "name": "positive",
          "type": "CONDITIONING",
          "links": [
            186,
            201
          ],
          "shape": 3,
          "slot_index": 0
        },
        {
          "name": "negative",
          "type": "CONDITIONING",
          "links": [
            187,
            202
          ],
          "shape": 3,
          "slot_index": 1
        }
      ],
      "properties": {
        "Node name for S&R": "ControlNetApplyAdvanced"
      },
      "widgets_values": [
        1,
        0,
        1
      ],
      "color": "#43571a",
      "bgcolor": "#576b2e"
    },
    {
      "id": 116,
      "type": "VHS_VideoCombine",
      "pos": [
        2781,
        650
      ],
      "size": [
        315,
        507
      ],
      "flags": {},
      "order": 37,
      "mode": 0,
      "inputs": [
        {
          "name": "images",
          "type": "IMAGE",
          "link": 199
        }
      ],
      "outputs": [
        {
          "name": "GIF",
          "type": "GIF",
          "links": null,
          "shape": 3
        }
      ],
      "properties": {
        "Node name for S&R": "VHS_VideoCombine"
      },
      "widgets_values": [
        10,
        0,
        "AnimateDiff",
        "image/gif",
        false,
        true,
        "/view?filename=AnimateDiff_00052_.gif&subfolder=&type=output&format=image%2Fgif"
      ]
    },
    {
      "id": 110,
      "type": "VHS_VideoCombine",
      "pos": [
        2367,
        -178
      ],
      "size": [
        315,
        507
      ],
      "flags": {},
      "order": 34,
      "mode": 0,
      "inputs": [
        {
          "name": "images",
          "type": "IMAGE",
          "link": 192
        }
      ],
      "outputs": [
        {
          "name": "GIF",
          "type": "GIF",
          "links": null,
          "shape": 3
        }
      ],
      "properties": {
        "Node name for S&R": "VHS_VideoCombine"
      },
      "widgets_values": [
        10,
        0,
        "AnimateDiff",
        "image/gif",
        false,
        true,
        "/view?filename=AnimateDiff_00051_.gif&subfolder=&type=output&format=image%2Fgif"
      ]
    },
    {
      "id": 108,
      "type": "ADE_AnimateDiffLoaderWithContext",
      "pos": [
        69,
        -82
      ],
      "size": {
        "0": 315,
        "1": 122
      },
      "flags": {},
      "order": 12,
      "mode": 0,
      "inputs": [
        {
          "name": "model",
          "type": "MODEL",
          "link": 189
        },
        {
          "name": "context_options",
          "type": "CONTEXT_OPTIONS",
          "link": 188
        },
        {
          "name": "motion_lora",
          "type": "MOTION_LORA",
          "link": null
        }
      ],
      "outputs": [
        {
          "name": "MODEL",
          "type": "MODEL",
          "links": [
            190,
            195
          ],
          "shape": 3,
          "slot_index": 0
        }
      ],
      "properties": {
        "Node name for S&R": "ADE_AnimateDiffLoaderWithContext"
      },
      "widgets_values": [
        "mm_sd_v14.ckpt",
        "sqrt_linear (AnimateDiff)"
      ]
    },
    {
      "id": 104,
      "type": "KSampler",
      "pos": [
        1804,
        -195
      ],
      "size": {
        "0": 315,
        "1": 262
      },
      "flags": {},
      "order": 31,
      "mode": 0,
      "inputs": [
        {
          "name": "model",
          "type": "MODEL",
          "link": 190
        },
        {
          "name": "positive",
          "type": "CONDITIONING",
          "link": 186,
          "slot_index": 1
        },
        {
          "name": "negative",
          "type": "CONDITIONING",
          "link": 187,
          "slot_index": 2
        },
        {
          "name": "latent_image",
          "type": "LATENT",
          "link": 191,
          "slot_index": 3
        }
      ],
      "outputs": [
        {
          "name": "LATENT",
          "type": "LATENT",
          "links": [
            178,
            203
          ],
          "shape": 3,
          "slot_index": 0
        }
      ],
      "properties": {
        "Node name for S&R": "KSampler"
      },
      "widgets_values": [
        13808485679366,
        "randomize",
        20,
        7,
        "euler_ancestral",
        "normal",
        1
      ]
    },
    {
      "id": 112,
      "type": "KSampler",
      "pos": [
        2058,
        833
      ],
      "size": {
        "0": 315,
        "1": 262
      },
      "flags": {},
      "order": 35,
      "mode": 0,
      "inputs": [
        {
          "name": "model",
          "type": "MODEL",
          "link": 195
        },
        {
          "name": "positive",
          "type": "CONDITIONING",
          "link": 201
        },
        {
          "name": "negative",
          "type": "CONDITIONING",
          "link": 202
        },
        {
          "name": "latent_image",
          "type": "LATENT",
          "link": 194
        }
      ],
      "outputs": [
        {
          "name": "LATENT",
          "type": "LATENT",
          "links": [
            198
          ],
          "shape": 3,
          "slot_index": 0
        }
      ],
      "properties": {
        "Node name for S&R": "KSampler"
      },
      "widgets_values": [
        960530105362372,
        "fixed",
        20,
        7,
        "euler_ancestral",
        "normal",
        0.4
      ]
    }
  ],
  "links": [
    [
      3,
      4,
      1,
      6,
      0,
      "CLIP"
    ],
    [
      5,
      4,
      1,
      7,
      0,
      "CLIP"
    ],
    [
      68,
      36,
      0,
      39,
      2,
      "CONTROL_NET"
    ],
    [
      69,
      6,
      0,
      39,
      0,
      "CONDITIONING"
    ],
    [
      70,
      7,
      0,
      39,
      1,
      "CONDITIONING"
    ],
    [
      82,
      13,
      0,
      44,
      1,
      "VAE"
    ],
    [
      115,
      34,
      0,
      39,
      3,
      "IMAGE"
    ],
    [
      117,
      39,
      0,
      67,
      0,
      "CONDITIONING"
    ],
    [
      118,
      39,
      1,
      67,
      1,
      "CONDITIONING"
    ],
    [
      119,
      70,
      0,
      67,
      3,
      "IMAGE"
    ],
    [
      122,
      68,
      0,
      67,
      2,
      "CONTROL_NET"
    ],
    [
      123,
      71,
      0,
      68,
      0,
      "TIMESTEP_KEYFRAME"
    ],
    [
      129,
      74,
      0,
      75,
      0,
      "LATENT_KEYFRAME"
    ],
    [
      131,
      76,
      0,
      77,
      0,
      "LATENT_KEYFRAME"
    ],
    [
      132,
      77,
      0,
      74,
      0,
      "LATENT_KEYFRAME"
    ],
    [
      133,
      80,
      0,
      78,
      2,
      "LATENT_KEYFRAME"
    ],
    [
      134,
      82,
      0,
      79,
      0,
      "LATENT_KEYFRAME"
    ],
    [
      135,
      79,
      0,
      80,
      0,
      "LATENT_KEYFRAME"
    ],
    [
      136,
      84,
      0,
      81,
      0,
      "LATENT_KEYFRAME"
    ],
    [
      137,
      81,
      0,
      82,
      0,
      "LATENT_KEYFRAME"
    ],
    [
      138,
      83,
      0,
      84,
      0,
      "LATENT_KEYFRAME"
    ],
    [
      147,
      88,
      0,
      83,
      0,
      "LATENT_KEYFRAME"
    ],
    [
      148,
      89,
      0,
      90,
      0,
      "LATENT_KEYFRAME"
    ],
    [
      152,
      78,
      0,
      36,
      0,
      "TIMESTEP_KEYFRAME"
    ],
    [
      153,
      92,
      0,
      88,
      0,
      "LATENT_KEYFRAME"
    ],
    [
      154,
      75,
      0,
      71,
      2,
      "LATENT_KEYFRAME"
    ],
    [
      155,
      93,
      0,
      94,
      0,
      "LATENT_KEYFRAME"
    ],
    [
      156,
      94,
      0,
      89,
      0,
      "LATENT_KEYFRAME"
    ],
    [
      157,
      90,
      0,
      76,
      0,
      "LATENT_KEYFRAME"
    ],
    [
      178,
      104,
      0,
      44,
      0,
      "LATENT"
    ],
    [
      186,
      67,
      0,
      104,
      1,
      "CONDITIONING"
    ],
    [
      187,
      67,
      1,
      104,
      2,
      "CONDITIONING"
    ],
    [
      188,
      109,
      0,
      108,
      1,
      "CONTEXT_OPTIONS"
    ],
    [
      189,
      4,
      0,
      108,
      0,
      "MODEL"
    ],
    [
      190,
      108,
      0,
      104,
      0,
      "MODEL"
    ],
    [
      191,
      20,
      0,
      104,
      3,
      "LATENT"
    ],
    [
      192,
      44,
      0,
      110,
      0,
      "IMAGE"
    ],
    [
      194,
      113,
      0,
      112,
      3,
      "LATENT"
    ],
    [
      195,
      108,
      0,
      112,
      0,
      "MODEL"
    ],
    [
      198,
      112,
      0,
      115,
      0,
      "LATENT"
    ],
    [
      199,
      115,
      0,
      116,
      0,
      "IMAGE"
    ],
    [
      200,
      13,
      0,
      115,
      1,
      "VAE"
    ],
    [
      201,
      67,
      0,
      112,
      1,
      "CONDITIONING"
    ],
    [
      202,
      67,
      1,
      112,
      2,
      "CONDITIONING"
    ],
    [
      203,
      104,
      0,
      113,
      0,
      "LATENT"
    ]
  ],
  "groups": [],
  "config": {},
  "extra": {},
  "version": 0.4
}