{
  "last_node_id": 113,
  "last_link_id": 212,
  "nodes": [
    {
      "id": 34,
      "type": "LoadImage",
      "pos": [
        -280,
        810
      ],
      "size": {
        "0": 310,
        "1": 314
      },
      "flags": {},
      "order": 0,
      "mode": 0,
      "outputs": [
        {
          "name": "IMAGE",
          "type": "IMAGE",
          "links": [
            115
          ],
          "shape": 3,
          "slot_index": 0
        },
        {
          "name": "MASK",
          "type": "MASK",
          "links": null,
          "shape": 3
        }
      ],
      "properties": {
        "Node name for S&R": "LoadImage"
      },
      "widgets_values": [
        "00034-1175981324 (1).png",
        "image"
      ],
      "color": "#1a5757",
      "bgcolor": "#2e6b6b"
    },
    {
      "id": 7,
      "type": "CLIPTextEncode",
      "pos": [
        60,
        300
      ],
      "size": {
        "0": 340,
        "1": 100
      },
      "flags": {},
      "order": 13,
      "mode": 0,
      "inputs": [
        {
          "name": "clip",
          "type": "CLIP",
          "link": 212
        }
      ],
      "outputs": [
        {
          "name": "CONDITIONING",
          "type": "CONDITIONING",
          "links": [
            70
          ],
          "slot_index": 0
        }
      ],
      "properties": {
        "Node name for S&R": "CLIPTextEncode"
      },
      "widgets_values": [
        "(low quality, worst quality:1.4), ng_deepnegative_v1_75t"
      ],
      "color": "#572e1a",
      "bgcolor": "#6b422e"
    },
    {
      "id": 68,
      "type": "ControlNetLoaderAdvanced",
      "pos": [
        1100,
        530
      ],
      "size": {
        "0": 344.3999938964844,
        "1": 60
      },
      "flags": {},
      "order": 15,
      "mode": 0,
      "inputs": [
        {
          "name": "timestep_keyframe",
          "type": "TIMESTEP_KEYFRAME",
          "link": 123,
          "slot_index": 0
        }
      ],
      "outputs": [
        {
          "name": "CONTROL_NET",
          "type": "CONTROL_NET",
          "links": [
            122
          ],
          "shape": 3,
          "slot_index": 0
        }
      ],
      "properties": {
        "Node name for S&R": "ControlNetLoaderAdvanced"
      },
      "widgets_values": [
        "control_v11f1e_sd15_tile_fp16.safetensors"
      ],
      "color": "#571a1a",
      "bgcolor": "#6b2e2e"
    },
    {
      "id": 36,
      "type": "ControlNetLoaderAdvanced",
      "pos": [
        60,
        530
      ],
      "size": {
        "0": 344.3999938964844,
        "1": 60
      },
      "flags": {},
      "order": 14,
      "mode": 0,
      "inputs": [
        {
          "name": "timestep_keyframe",
          "type": "TIMESTEP_KEYFRAME",
          "link": 152,
          "slot_index": 0
        }
      ],
      "outputs": [
        {
          "name": "CONTROL_NET",
          "type": "CONTROL_NET",
          "links": [
            68
          ],
          "shape": 3,
          "slot_index": 0
        }
      ],
      "properties": {
        "Node name for S&R": "ControlNetLoaderAdvanced"
      },
      "widgets_values": [
        "control_v11f1e_sd15_tile_fp16.safetensors"
      ],
      "color": "#571a1a",
      "bgcolor": "#6b2e2e"
    },
    {
      "id": 44,
      "type": "VAEDecode",
      "pos": [
        2038,
        336
      ],
      "size": {
        "0": 210,
        "1": 46
      },
      "flags": {},
      "order": 19,
      "mode": 0,
      "inputs": [
        {
          "name": "samples",
          "type": "LATENT",
          "link": 178
        },
        {
          "name": "vae",
          "type": "VAE",
          "link": 82
        }
      ],
      "outputs": [
        {
          "name": "IMAGE",
          "type": "IMAGE",
          "links": [
            192
          ],
          "shape": 3,
          "slot_index": 0
        }
      ],
      "properties": {
        "Node name for S&R": "VAEDecode"
      },
      "color": "#2e571a",
      "bgcolor": "#426b2e"
    },
    {
      "id": 109,
      "type": "ADE_AnimateDiffUniformContextOptions",
      "pos": [
        -350,
        -294
      ],
      "size": {
        "0": 315,
        "1": 154
      },
      "flags": {},
      "order": 1,
      "mode": 0,
      "outputs": [
        {
          "name": "CONTEXT_OPTIONS",
          "type": "CONTEXT_OPTIONS",
          "links": [
            188
          ],
          "shape": 3,
          "slot_index": 0
        }
      ],
      "properties": {
        "Node name for S&R": "ADE_AnimateDiffUniformContextOptions"
      },
      "widgets_values": [
        16,
        1,
        4,
        "uniform",
        false
      ]
    },
    {
      "id": 20,
      "type": "EmptyLatentImage",
      "pos": [
        895,
        146
      ],
      "size": {
        "0": 310,
        "1": 110
      },
      "flags": {},
      "order": 2,
      "mode": 0,
      "outputs": [
        {
          "name": "LATENT",
          "type": "LATENT",
          "links": [
            191
          ],
          "shape": 3,
          "slot_index": 0
        }
      ],
      "properties": {
        "Node name for S&R": "EmptyLatentImage"
      },
      "widgets_values": [
        512,
        768,
        32
      ],
      "color": "#1a572e",
      "bgcolor": "#2e6b42"
    },
    {
      "id": 6,
      "type": "CLIPTextEncode",
      "pos": [
        60,
        140
      ],
      "size": {
        "0": 340,
        "1": 110
      },
      "flags": {},
      "order": 12,
      "mode": 0,
      "inputs": [
        {
          "name": "clip",
          "type": "CLIP",
          "link": 211
        }
      ],
      "outputs": [
        {
          "name": "CONDITIONING",
          "type": "CONDITIONING",
          "links": [
            69
          ],
          "slot_index": 0
        }
      ],
      "properties": {
        "Node name for S&R": "CLIPTextEncode"
      },
      "widgets_values": [
        "(masterpiece, best quality), 1girl, beautiful face, <lora:partially_underwater_shot_v0.2:1> partially submerged, t-shirts, jean, cowboy shot,"
      ],
      "color": "#572e1a",
      "bgcolor": "#6b422e"
    },
    {
      "id": 108,
      "type": "ADE_AnimateDiffLoaderWithContext",
      "pos": [
        69,
        -82
      ],
      "size": {
        "0": 315,
        "1": 122
      },
      "flags": {},
      "order": 11,
      "mode": 0,
      "inputs": [
        {
          "name": "model",
          "type": "MODEL",
          "link": 210
        },
        {
          "name": "context_options",
          "type": "CONTEXT_OPTIONS",
          "link": 188
        },
        {
          "name": "motion_lora",
          "type": "MOTION_LORA",
          "link": null
        }
      ],
      "outputs": [
        {
          "name": "MODEL",
          "type": "MODEL",
          "links": [
            190
          ],
          "shape": 3,
          "slot_index": 0
        }
      ],
      "properties": {
        "Node name for S&R": "ADE_AnimateDiffLoaderWithContext"
      },
      "widgets_values": [
        "mm_sd_v14.ckpt",
        "sqrt_linear (AnimateDiff)"
      ]
    },
    {
      "id": 13,
      "type": "VAELoader",
      "pos": [
        -389,
        322
      ],
      "size": {
        "0": 310,
        "1": 60
      },
      "flags": {},
      "order": 3,
      "mode": 0,
      "outputs": [
        {
          "name": "VAE",
          "type": "VAE",
          "links": [
            82
          ],
          "shape": 3,
          "slot_index": 0
        }
      ],
      "properties": {
        "Node name for S&R": "VAELoader"
      },
      "widgets_values": [
        "vae-ft-mse-840000-ema-pruned.safetensors"
      ],
      "color": "#571a1a",
      "bgcolor": "#6b2e2e"
    },
    {
      "id": 39,
      "type": "ControlNetApplyAdvanced",
      "pos": [
        619,
        482
      ],
      "size": {
        "0": 260,
        "1": 170
      },
      "flags": {},
      "order": 16,
      "mode": 0,
      "inputs": [
        {
          "name": "positive",
          "type": "CONDITIONING",
          "link": 69
        },
        {
          "name": "negative",
          "type": "CONDITIONING",
          "link": 70
        },
        {
          "name": "control_net",
          "type": "CONTROL_NET",
          "link": 68
        },
        {
          "name": "image",
          "type": "IMAGE",
          "link": 115
        }
      ],
      "outputs": [
        {
          "name": "positive",
          "type": "CONDITIONING",
          "links": [
            117
          ],
          "shape": 3,
          "slot_index": 0
        },
        {
          "name": "negative",
          "type": "CONDITIONING",
          "links": [
            118
          ],
          "shape": 3,
          "slot_index": 1
        }
      ],
      "properties": {
        "Node name for S&R": "ControlNetApplyAdvanced"
      },
      "widgets_values": [
        1,
        0,
        1
      ],
      "color": "#43571a",
      "bgcolor": "#576b2e"
    },
    {
      "id": 71,
      "type": "TimestepKeyframe",
      "pos": [
        1100,
        640
      ],
      "size": {
        "0": 340,
        "1": 120
      },
      "flags": {},
      "order": 10,
      "mode": 0,
      "inputs": [
        {
          "name": "control_net_weights",
          "type": "CONTROL_NET_WEIGHTS",
          "link": null
        },
        {
          "name": "t2i_adapter_weights",
          "type": "T2I_ADAPTER_WEIGHTS",
          "link": null
        },
        {
          "name": "latent_keyframe",
          "type": "LATENT_KEYFRAME",
          "link": 199,
          "slot_index": 2
        },
        {
          "name": "prev_timestep_keyframe",
          "type": "TIMESTEP_KEYFRAME",
          "link": null
        }
      ],
      "outputs": [
        {
          "name": "TIMESTEP_KEYFRAME",
          "type": "TIMESTEP_KEYFRAME",
          "links": [
            123
          ],
          "shape": 3
        }
      ],
      "properties": {
        "Node name for S&R": "TimestepKeyframe"
      },
      "widgets_values": [
        0
      ]
    },
    {
      "id": 78,
      "type": "TimestepKeyframe",
      "pos": [
        60,
        640
      ],
      "size": {
        "0": 340,
        "1": 120
      },
      "flags": {},
      "order": 9,
      "mode": 0,
      "inputs": [
        {
          "name": "control_net_weights",
          "type": "CONTROL_NET_WEIGHTS",
          "link": null,
          "slot_index": 0
        },
        {
          "name": "t2i_adapter_weights",
          "type": "T2I_ADAPTER_WEIGHTS",
          "link": null
        },
        {
          "name": "latent_keyframe",
          "type": "LATENT_KEYFRAME",
          "link": 207,
          "slot_index": 2
        },
        {
          "name": "prev_timestep_keyframe",
          "type": "TIMESTEP_KEYFRAME",
          "link": null,
          "slot_index": 3
        }
      ],
      "outputs": [
        {
          "name": "TIMESTEP_KEYFRAME",
          "type": "TIMESTEP_KEYFRAME",
          "links": [
            152
          ],
          "shape": 3,
          "slot_index": 0
        }
      ],
      "properties": {
        "Node name for S&R": "TimestepKeyframe"
      },
      "widgets_values": [
        0
      ]
    },
    {
      "id": 4,
      "type": "CheckpointLoaderSimple",
      "pos": [
        -430,
        -59
      ],
      "size": {
        "0": 310,
        "1": 100
      },
      "flags": {},
      "order": 4,
      "mode": 0,
      "outputs": [
        {
          "name": "MODEL",
          "type": "MODEL",
          "links": [
            208
          ],
          "slot_index": 0
        },
        {
          "name": "CLIP",
          "type": "CLIP",
          "links": [
            209
          ],
          "slot_index": 1
        },
        {
          "name": "VAE",
          "type": "VAE",
          "links": [],
          "slot_index": 2
        }
      ],
      "properties": {
        "Node name for S&R": "CheckpointLoaderSimple"
      },
      "widgets_values": [
        "majicmixRealistic_v6.safetensors"
      ],
      "color": "#571a1a",
      "bgcolor": "#6b2e2e"
    },
    {
      "id": 113,
      "type": "LoraLoader",
      "pos": [
        -386,
        100
      ],
      "size": {
        "0": 315,
        "1": 126
      },
      "flags": {},
      "order": 8,
      "mode": 0,
      "inputs": [
        {
          "name": "model",
          "type": "MODEL",
          "link": 208
        },
        {
          "name": "clip",
          "type": "CLIP",
          "link": 209
        }
      ],
      "outputs": [
        {
          "name": "MODEL",
          "type": "MODEL",
          "links": [
            210
          ],
          "shape": 3,
          "slot_index": 0
        },
        {
          "name": "CLIP",
          "type": "CLIP",
          "links": [
            211,
            212
          ],
          "shape": 3,
          "slot_index": 1
        }
      ],
      "properties": {
        "Node name for S&R": "LoraLoader"
      },
      "widgets_values": [
        "common_nsfw\\partially_underwater_shot_v0.2.safetensors",
        1,
        1
      ]
    },
    {
      "id": 104,
      "type": "KSampler",
      "pos": [
        1804,
        -195
      ],
      "size": {
        "0": 315,
        "1": 262
      },
      "flags": {},
      "order": 18,
      "mode": 0,
      "inputs": [
        {
          "name": "model",
          "type": "MODEL",
          "link": 190
        },
        {
          "name": "positive",
          "type": "CONDITIONING",
          "link": 186,
          "slot_index": 1
        },
        {
          "name": "negative",
          "type": "CONDITIONING",
          "link": 187,
          "slot_index": 2
        },
        {
          "name": "latent_image",
          "type": "LATENT",
          "link": 191,
          "slot_index": 3
        }
      ],
      "outputs": [
        {
          "name": "LATENT",
          "type": "LATENT",
          "links": [
            178
          ],
          "shape": 3,
          "slot_index": 0
        }
      ],
      "properties": {
        "Node name for S&R": "KSampler"
      },
      "widgets_values": [
        662431914147754,
        "randomize",
        20,
        8,
        "euler_ancestral",
        "normal",
        1
      ]
    },
    {
      "id": 70,
      "type": "LoadImage",
      "pos": [
        741,
        812
      ],
      "size": {
        "0": 310,
        "1": 314
      },
      "flags": {},
      "order": 5,
      "mode": 0,
      "outputs": [
        {
          "name": "IMAGE",
          "type": "IMAGE",
          "links": [
            119
          ],
          "shape": 3,
          "slot_index": 0
        },
        {
          "name": "MASK",
          "type": "MASK",
          "links": null,
          "shape": 3
        }
      ],
      "properties": {
        "Node name for S&R": "LoadImage"
      },
      "widgets_values": [
        "00034-1175981324 (2).png",
        "image"
      ],
      "color": "#1a5757",
      "bgcolor": "#2e6b6b"
    },
    {
      "id": 67,
      "type": "ControlNetApplyAdvanced",
      "pos": [
        1590,
        490
      ],
      "size": {
        "0": 260,
        "1": 170
      },
      "flags": {},
      "order": 17,
      "mode": 0,
      "inputs": [
        {
          "name": "positive",
          "type": "CONDITIONING",
          "link": 117
        },
        {
          "name": "negative",
          "type": "CONDITIONING",
          "link": 118
        },
        {
          "name": "control_net",
          "type": "CONTROL_NET",
          "link": 122
        },
        {
          "name": "image",
          "type": "IMAGE",
          "link": 119
        }
      ],
      "outputs": [
        {
          "name": "positive",
          "type": "CONDITIONING",
          "links": [
            186
          ],
          "shape": 3,
          "slot_index": 0
        },
        {
          "name": "negative",
          "type": "CONDITIONING",
          "links": [
            187
          ],
          "shape": 3,
          "slot_index": 1
        }
      ],
      "properties": {
        "Node name for S&R": "ControlNetApplyAdvanced"
      },
      "widgets_values": [
        1,
        0,
        1
      ],
      "color": "#43571a",
      "bgcolor": "#576b2e"
    },
    {
      "id": 110,
      "type": "VHS_VideoCombine",
      "pos": [
        2367,
        -178
      ],
      "size": [
        315,
        531
      ],
      "flags": {},
      "order": 20,
      "mode": 0,
      "inputs": [
        {
          "name": "images",
          "type": "IMAGE",
          "link": 192
        }
      ],
      "outputs": [
        {
          "name": "GIF",
          "type": "GIF",
          "links": null,
          "shape": 3
        }
      ],
      "properties": {
        "Node name for S&R": "VHS_VideoCombine"
      },
      "widgets_values": [
        10,
        0,
        "AnimateDiff",
        "video/h264-mp4",
        false,
        true,
        "/view?filename=AnimateDiff_00041_.gif&subfolder=&type=output&format=image%2Fgif",
        "/view?filename=AnimateDiff_00217_.mp4&subfolder=&type=output&format=video%2Fh264-mp4"
      ]
    },
    {
      "id": 111,
      "type": "LatentKeyframeTiming",
      "pos": [
        1112,
        819
      ],
      "size": {
        "0": 456,
        "1": 154
      },
      "flags": {},
      "order": 7,
      "mode": 0,
      "inputs": [
        {
          "name": "prev_latent_keyframe",
          "type": "LATENT_KEYFRAME",
          "link": null
        }
      ],
      "outputs": [
        {
          "name": "LATENT_KEYFRAME",
          "type": "LATENT_KEYFRAME",
          "links": [
            199
          ],
          "shape": 3
        }
      ],
      "properties": {
        "Node name for S&R": "LatentKeyframeTiming"
      },
      "widgets_values": [
        28,
        32,
        0.2,
        0.8,
        "linear"
      ]
    },
    {
      "id": 112,
      "type": "LatentKeyframeTiming",
      "pos": [
        71,
        831
      ],
      "size": {
        "0": 456,
        "1": 154
      },
      "flags": {},
      "order": 6,
      "mode": 0,
      "inputs": [
        {
          "name": "prev_latent_keyframe",
          "type": "LATENT_KEYFRAME",
          "link": null
        }
      ],
      "outputs": [
        {
          "name": "LATENT_KEYFRAME",
          "type": "LATENT_KEYFRAME",
          "links": [
            207
          ],
          "shape": 3
        }
      ],
      "properties": {
        "Node name for S&R": "LatentKeyframeTiming"
      },
      "widgets_values": [
        0,
        4,
        1,
        0.2,
        "linear"
      ]
    }
  ],
  "links": [
    [
      68,
      36,
      0,
      39,
      2,
      "CONTROL_NET"
    ],
    [
      69,
      6,
      0,
      39,
      0,
      "CONDITIONING"
    ],
    [
      70,
      7,
      0,
      39,
      1,
      "CONDITIONING"
    ],
    [
      82,
      13,
      0,
      44,
      1,
      "VAE"
    ],
    [
      115,
      34,
      0,
      39,
      3,
      "IMAGE"
    ],
    [
      117,
      39,
      0,
      67,
      0,
      "CONDITIONING"
    ],
    [
      118,
      39,
      1,
      67,
      1,
      "CONDITIONING"
    ],
    [
      119,
      70,
      0,
      67,
      3,
      "IMAGE"
    ],
    [
      122,
      68,
      0,
      67,
      2,
      "CONTROL_NET"
    ],
    [
      123,
      71,
      0,
      68,
      0,
      "TIMESTEP_KEYFRAME"
    ],
    [
      152,
      78,
      0,
      36,
      0,
      "TIMESTEP_KEYFRAME"
    ],
    [
      178,
      104,
      0,
      44,
      0,
      "LATENT"
    ],
    [
      186,
      67,
      0,
      104,
      1,
      "CONDITIONING"
    ],
    [
      187,
      67,
      1,
      104,
      2,
      "CONDITIONING"
    ],
    [
      188,
      109,
      0,
      108,
      1,
      "CONTEXT_OPTIONS"
    ],
    [
      190,
      108,
      0,
      104,
      0,
      "MODEL"
    ],
    [
      191,
      20,
      0,
      104,
      3,
      "LATENT"
    ],
    [
      192,
      44,
      0,
      110,
      0,
      "IMAGE"
    ],
    [
      199,
      111,
      0,
      71,
      2,
      "LATENT_KEYFRAME"
    ],
    [
      207,
      112,
      0,
      78,
      2,
      "LATENT_KEYFRAME"
    ],
    [
      208,
      4,
      0,
      113,
      0,
      "MODEL"
    ],
    [
      209,
      4,
      1,
      113,
      1,
      "CLIP"
    ],
    [
      210,
      113,
      0,
      108,
      0,
      "MODEL"
    ],
    [
      211,
      113,
      1,
      6,
      0,
      "CLIP"
    ],
    [
      212,
      113,
      1,
      7,
      0,
      "CLIP"
    ]
  ],
  "groups": [],
  "config": {},
  "extra": {},
  "version": 0.4
}