{
  "last_node_id": 26,
  "last_link_id": 51,
  "nodes": [
    {
      "id": 25,
      "type": "VHS_VideoCombine",
      "pos": [
        1629,
        45
      ],
      "size": [
        315,
        531
      ],
      "flags": {},
      "order": 9,
      "mode": 0,
      "inputs": [
        {
          "name": "images",
          "type": "IMAGE",
          "link": 40
        }
      ],
      "outputs": [
        {
          "name": "GIF",
          "type": "GIF",
          "links": null,
          "shape": 3
        }
      ],
      "properties": {
        "Node name for S&R": "VHS_VideoCombine"
      },
      "widgets_values": [
        8,
        0,
        "AnimateDiff",
        "image/gif",
        false,
        true,
        "/view?filename=AnimateDiff_00066_.gif&subfolder=&type=output&format=image%2Fgif",
        "/view?filename=AnimateDiff_00076_.gif&subfolder=&type=output&format=image%2Fgif"
      ]
    },
    {
      "id": 13,
      "type": "VAELoader",
      "pos": [
        -196,
        280
      ],
      "size": {
        "0": 315,
        "1": 58
      },
      "flags": {},
      "order": 0,
      "mode": 0,
      "outputs": [
        {
          "name": "VAE",
          "type": "VAE",
          "links": [
            20
          ],
          "shape": 3,
          "slot_index": 0
        }
      ],
      "properties": {
        "Node name for S&R": "VAELoader"
      },
      "widgets_values": [
        "vae-ft-mse-840000-ema-pruned.vae.safetensors"
      ]
    },
    {
      "id": 4,
      "type": "CheckpointLoaderSimple",
      "pos": [
        -199,
        416
      ],
      "size": {
        "0": 315,
        "1": 98
      },
      "flags": {},
      "order": 1,
      "mode": 0,
      "outputs": [
        {
          "name": "MODEL",
          "type": "MODEL",
          "links": [
            44
          ],
          "slot_index": 0
        },
        {
          "name": "CLIP",
          "type": "CLIP",
          "links": [
            3,
            5
          ],
          "slot_index": 1
        },
        {
          "name": "VAE",
          "type": "VAE",
          "links": [],
          "slot_index": 2
        }
      ],
      "properties": {
        "Node name for S&R": "CheckpointLoaderSimple"
      },
      "widgets_values": [
        "darkSushiMixMix_225D.safetensors"
      ]
    },
    {
      "id": 8,
      "type": "VAEDecode",
      "pos": [
        1321,
        189
      ],
      "size": {
        "0": 210,
        "1": 46
      },
      "flags": {},
      "order": 8,
      "mode": 0,
      "inputs": [
        {
          "name": "samples",
          "type": "LATENT",
          "link": 41
        },
        {
          "name": "vae",
          "type": "VAE",
          "link": 20
        }
      ],
      "outputs": [
        {
          "name": "IMAGE",
          "type": "IMAGE",
          "links": [
            40
          ],
          "slot_index": 0
        }
      ],
      "properties": {
        "Node name for S&R": "VAEDecode"
      }
    },
    {
      "id": 6,
      "type": "CLIPTextEncode",
      "pos": [
        346,
        153
      ],
      "size": {
        "0": 422.84503173828125,
        "1": 164.31304931640625
      },
      "flags": {},
      "order": 4,
      "mode": 0,
      "inputs": [
        {
          "name": "clip",
          "type": "CLIP",
          "link": 3
        }
      ],
      "outputs": [
        {
          "name": "CONDITIONING",
          "type": "CONDITIONING",
          "links": [
            50
          ],
          "slot_index": 0
        }
      ],
      "properties": {
        "Node name for S&R": "CLIPTextEncode"
      },
      "widgets_values": [
        "(best quality, masterpiece:1.2), ultra high res, complex detail, 1girl, black_eyes, black_hair, solo, dancing wearing floral dress in the cathedral"
      ]
    },
    {
      "id": 7,
      "type": "CLIPTextEncode",
      "pos": [
        343,
        391
      ],
      "size": {
        "0": 425.27801513671875,
        "1": 180.6060791015625
      },
      "flags": {},
      "order": 5,
      "mode": 0,
      "inputs": [
        {
          "name": "clip",
          "type": "CLIP",
          "link": 5
        }
      ],
      "outputs": [
        {
          "name": "CONDITIONING",
          "type": "CONDITIONING",
          "links": [
            47
          ],
          "slot_index": 0
        }
      ],
      "properties": {
        "Node name for S&R": "CLIPTextEncode"
      },
      "widgets_values": [
        "(worst quality,low quality:1.2),(nsfw, nude), lowres, monochrome,grayscale,"
      ]
    },
    {
      "id": 23,
      "type": "ADE_AnimateDiffLoaderWithContext",
      "pos": [
        158,
        -92
      ],
      "size": {
        "0": 315,
        "1": 122
      },
      "flags": {},
      "order": 6,
      "mode": 0,
      "inputs": [
        {
          "name": "model",
          "type": "MODEL",
          "link": 44
        },
        {
          "name": "context_options",
          "type": "CONTEXT_OPTIONS",
          "link": null
        },
        {
          "name": "motion_lora",
          "type": "MOTION_LORA",
          "link": 51
        }
      ],
      "outputs": [
        {
          "name": "MODEL",
          "type": "MODEL",
          "links": [
            49
          ],
          "shape": 3,
          "slot_index": 0
        }
      ],
      "properties": {
        "Node name for S&R": "ADE_AnimateDiffLoaderWithContext"
      },
      "widgets_values": [
        "mm_sd_v15_v2.ckpt",
        "sqrt_linear (AnimateDiff)"
      ]
    },
    {
      "id": 24,
      "type": "KSampler",
      "pos": [
        874,
        -134
      ],
      "size": {
        "0": 315,
        "1": 262
      },
      "flags": {},
      "order": 7,
      "mode": 0,
      "inputs": [
        {
          "name": "model",
          "type": "MODEL",
          "link": 49
        },
        {
          "name": "positive",
          "type": "CONDITIONING",
          "link": 50
        },
        {
          "name": "negative",
          "type": "CONDITIONING",
          "link": 47
        },
        {
          "name": "latent_image",
          "type": "LATENT",
          "link": 46,
          "slot_index": 3
        }
      ],
      "outputs": [
        {
          "name": "LATENT",
          "type": "LATENT",
          "links": [
            41
          ],
          "shape": 3,
          "slot_index": 0
        }
      ],
      "properties": {
        "Node name for S&R": "KSampler"
      },
      "widgets_values": [
        694890960643750,
        "randomize",
        20,
        8,
        "euler_ancestral",
        "normal",
        1
      ]
    },
    {
      "id": 20,
      "type": "EmptyLatentImage",
      "pos": [
        522,
        621
      ],
      "size": {
        "0": 315,
        "1": 106
      },
      "flags": {},
      "order": 2,
      "mode": 0,
      "outputs": [
        {
          "name": "LATENT",
          "type": "LATENT",
          "links": [
            46
          ],
          "shape": 3,
          "slot_index": 0
        }
      ],
      "properties": {
        "Node name for S&R": "EmptyLatentImage"
      },
      "widgets_values": [
        512,
        768,
        16
      ]
    },
    {
      "id": 26,
      "type": "ADE_AnimateDiffLoRALoader",
      "pos": [
        -271,
        -52
      ],
      "size": {
        "0": 355.20001220703125,
        "1": 82
      },
      "flags": {},
      "order": 3,
      "mode": 0,
      "inputs": [
        {
          "name": "prev_motion_lora",
          "type": "MOTION_LORA",
          "link": null
        }
      ],
      "outputs": [
        {
          "name": "MOTION_LORA",
          "type": "MOTION_LORA",
          "links": [
            51
          ],
          "shape": 3,
          "slot_index": 0
        }
      ],
      "properties": {
        "Node name for S&R": "ADE_AnimateDiffLoRALoader"
      },
      "widgets_values": [
        "v2_lora_TiltDown.ckpt",
        1
      ]
    }
  ],
  "links": [
    [
      3,
      4,
      1,
      6,
      0,
      "CLIP"
    ],
    [
      5,
      4,
      1,
      7,
      0,
      "CLIP"
    ],
    [
      20,
      13,
      0,
      8,
      1,
      "VAE"
    ],
    [
      40,
      8,
      0,
      25,
      0,
      "IMAGE"
    ],
    [
      41,
      24,
      0,
      8,
      0,
      "LATENT"
    ],
    [
      44,
      4,
      0,
      23,
      0,
      "MODEL"
    ],
    [
      46,
      20,
      0,
      24,
      3,
      "LATENT"
    ],
    [
      47,
      7,
      0,
      24,
      2,
      "CONDITIONING"
    ],
    [
      49,
      23,
      0,
      24,
      0,
      "MODEL"
    ],
    [
      50,
      6,
      0,
      24,
      1,
      "CONDITIONING"
    ],
    [
      51,
      26,
      0,
      23,
      2,
      "MOTION_LORA"
    ]
  ],
  "groups": [],
  "config": {},
  "extra": {},
  "version": 0.4
}