{
  "last_node_id": 33,
  "last_link_id": 44,
  "nodes": [
    {
      "id": 4,
      "type": "CLIPSetLastLayer",
      "pos": [
        431.14133986796236,
        184.59417317288003
      ],
      "size": {
        "0": 315,
        "1": 58
      },
      "flags": {},
      "order": 7,
      "mode": 0,
      "inputs": [
        {
          "name": "clip",
          "type": "CLIP",
          "link": 33
        }
      ],
      "outputs": [
        {
          "name": "CLIP",
          "type": "CLIP",
          "links": [
            2,
            3
          ],
          "shape": 3,
          "slot_index": 0
        }
      ],
      "properties": {
        "Node name for S&R": "CLIPSetLastLayer"
      },
      "widgets_values": [
        -2
      ]
    },
    {
      "id": 5,
      "type": "PrimitiveNode",
      "pos": [
        279,
        431
      ],
      "size": {
        "0": 285.6000061035156,
        "1": 82
      },
      "flags": {},
      "order": 0,
      "mode": 0,
      "outputs": [
        {
          "name": "INT",
          "type": "INT",
          "links": [
            6
          ],
          "slot_index": 0,
          "widget": {
            "name": "seed"
          }
        }
      ],
      "title": "Primitive (I'm using this as seed)",
      "properties": {},
      "widgets_values": [
        888888889,
        "fixed"
      ],
      "color": "#2a363b",
      "bgcolor": "#3f5159"
    },
    {
      "id": 6,
      "type": "CLIPTextEncode",
      "pos": [
        874,
        287
      ],
      "size": {
        "0": 391.23883056640625,
        "1": 78.14339447021484
      },
      "flags": {},
      "order": 10,
      "mode": 0,
      "inputs": [
        {
          "name": "clip",
          "type": "CLIP",
          "link": 3
        }
      ],
      "outputs": [
        {
          "name": "CONDITIONING",
          "type": "CONDITIONING",
          "links": [
            5
          ],
          "shape": 3,
          "slot_index": 0
        }
      ],
      "properties": {
        "Node name for S&R": "CLIPTextEncode"
      },
      "widgets_values": [
        "(worst quality, low quality: 1.4)"
      ],
      "color": "#322",
      "bgcolor": "#533"
    },
    {
      "id": 3,
      "type": "CLIPTextEncode",
      "pos": [
        884,
        113
      ],
      "size": {
        "0": 377.7811279296875,
        "1": 124.52955627441406
      },
      "flags": {},
      "order": 9,
      "mode": 0,
      "inputs": [
        {
          "name": "clip",
          "type": "CLIP",
          "link": 2
        }
      ],
      "outputs": [
        {
          "name": "CONDITIONING",
          "type": "CONDITIONING",
          "links": [
            4
          ],
          "shape": 3,
          "slot_index": 0
        }
      ],
      "properties": {
        "Node name for S&R": "CLIPTextEncode"
      },
      "widgets_values": [
        "1girl, solo, cherry blossom, hanami, pink flower, white flower, spring season, wisteria, petals, flower, plum blossoms, outdoors, falling petals, black eyes, upper body, from side"
      ],
      "color": "#232",
      "bgcolor": "#353"
    },
    {
      "id": 27,
      "type": "ADE_AnimateDiffLoRALoader",
      "pos": [
        388,
        -361
      ],
      "size": {
        "0": 355.20001220703125,
        "1": 82
      },
      "flags": {},
      "order": 1,
      "mode": 0,
      "inputs": [
        {
          "name": "prev_motion_lora",
          "type": "MOTION_LORA",
          "link": null
        }
      ],
      "outputs": [
        {
          "name": "MOTION_LORA",
          "type": "MOTION_LORA",
          "links": [
            38
          ],
          "shape": 3,
          "slot_index": 0
        }
      ],
      "properties": {
        "Node name for S&R": "ADE_AnimateDiffLoRALoader"
      },
      "widgets_values": [
        "v2_lora_ZoomOut.ckpt",
        0.33
      ],
      "color": "#432",
      "bgcolor": "#653"
    },
    {
      "id": 26,
      "type": "ADE_AnimateDiffLoRALoader",
      "pos": [
        435,
        -220
      ],
      "size": {
        "0": 355.20001220703125,
        "1": 82
      },
      "flags": {},
      "order": 6,
      "mode": 0,
      "inputs": [
        {
          "name": "prev_motion_lora",
          "type": "MOTION_LORA",
          "link": 38
        }
      ],
      "outputs": [
        {
          "name": "MOTION_LORA",
          "type": "MOTION_LORA",
          "links": [
            37
          ],
          "shape": 3,
          "slot_index": 0
        }
      ],
      "properties": {
        "Node name for S&R": "ADE_AnimateDiffLoRALoader"
      },
      "widgets_values": [
        "v2_lora_PanLeft.ckpt",
        0.67
      ],
      "color": "#432",
      "bgcolor": "#653"
    },
    {
      "id": 9,
      "type": "EmptyLatentImage",
      "pos": [
        853,
        -45
      ],
      "size": {
        "0": 315,
        "1": 106
      },
      "flags": {},
      "order": 2,
      "mode": 0,
      "outputs": [
        {
          "name": "LATENT",
          "type": "LATENT",
          "links": [
            31
          ],
          "shape": 3,
          "slot_index": 0
        }
      ],
      "properties": {
        "Node name for S&R": "EmptyLatentImage"
      },
      "widgets_values": [
        512,
        512,
        32
      ]
    },
    {
      "id": 20,
      "type": "ADE_AnimateDiffLoaderWithContext",
      "pos": [
        843,
        -244
      ],
      "size": {
        "0": 315,
        "1": 122
      },
      "flags": {},
      "order": 8,
      "mode": 0,
      "inputs": [
        {
          "name": "model",
          "type": "MODEL",
          "link": 34
        },
        {
          "name": "context_options",
          "type": "CONTEXT_OPTIONS",
          "link": 40
        },
        {
          "name": "motion_lora",
          "type": "MOTION_LORA",
          "link": 37
        }
      ],
      "outputs": [
        {
          "name": "MODEL",
          "type": "MODEL",
          "links": [
            29
          ],
          "shape": 3,
          "slot_index": 0
        }
      ],
      "properties": {
        "Node name for S&R": "ADE_AnimateDiffLoaderWithContext"
      },
      "widgets_values": [
        "mm_sd_v15_v2.ckpt",
        "sqrt_linear (AnimateDiff)"
      ],
      "color": "#432",
      "bgcolor": "#653"
    },
    {
      "id": 7,
      "type": "KSampler",
      "pos": [
        1368,
        -219
      ],
      "size": {
        "0": 315,
        "1": 262
      },
      "flags": {},
      "order": 11,
      "mode": 0,
      "inputs": [
        {
          "name": "model",
          "type": "MODEL",
          "link": 29
        },
        {
          "name": "positive",
          "type": "CONDITIONING",
          "link": 4
        },
        {
          "name": "negative",
          "type": "CONDITIONING",
          "link": 5
        },
        {
          "name": "latent_image",
          "type": "LATENT",
          "link": 31
        },
        {
          "name": "seed",
          "type": "INT",
          "link": 6,
          "widget": {
            "name": "seed"
          }
        }
      ],
      "outputs": [
        {
          "name": "LATENT",
          "type": "LATENT",
          "links": [
            9
          ],
          "shape": 3,
          "slot_index": 0
        }
      ],
      "properties": {
        "Node name for S&R": "KSampler"
      },
      "widgets_values": [
        888888889,
        "fixed",
        20,
        8,
        "euler",
        "normal",
        1
      ]
    },
    {
      "id": 31,
      "type": "ADE_AnimateDiffUniformContextOptions",
      "pos": [
        788,
        -448
      ],
      "size": {
        "0": 315,
        "1": 154
      },
      "flags": {},
      "order": 3,
      "mode": 0,
      "outputs": [
        {
          "name": "CONTEXT_OPTIONS",
          "type": "CONTEXT_OPTIONS",
          "links": [
            40
          ],
          "shape": 3,
          "slot_index": 0
        }
      ],
      "properties": {
        "Node name for S&R": "ADE_AnimateDiffUniformContextOptions"
      },
      "widgets_values": [
        16,
        1,
        4,
        "uniform",
        false
      ],
      "color": "#432",
      "bgcolor": "#653"
    },
    {
      "id": 33,
      "type": "VHS_VideoCombine",
      "pos": [
        1791,
        -190
      ],
      "size": {
        "0": 315,
        "1": 507
      },
      "flags": {},
      "order": 13,
      "mode": 0,
      "inputs": [
        {
          "name": "images",
          "type": "IMAGE",
          "link": 44
        }
      ],
      "outputs": [
        {
          "name": "GIF",
          "type": "GIF",
          "links": null,
          "shape": 3
        }
      ],
      "properties": {
        "Node name for S&R": "VHS_VideoCombine"
      },
      "widgets_values": [
        8,
        0,
        "aaa_readme",
        "image/gif",
        false,
        true,
        "/view?filename=aaa_readme_00011_.gif&subfolder=&type=output&format=image%2Fgif"
      ],
      "color": "#223",
      "bgcolor": "#335"
    },
    {
      "id": 10,
      "type": "VAEDecode",
      "pos": [
        1759,
        -315
      ],
      "size": {
        "0": 210,
        "1": 46
      },
      "flags": {},
      "order": 12,
      "mode": 0,
      "inputs": [
        {
          "name": "samples",
          "type": "LATENT",
          "link": 9
        },
        {
          "name": "vae",
          "type": "VAE",
          "link": 10
        }
      ],
      "outputs": [
        {
          "name": "IMAGE",
          "type": "IMAGE",
          "links": [
            44
          ],
          "shape": 3,
          "slot_index": 0
        }
      ],
      "properties": {
        "Node name for S&R": "VAEDecode"
      }
    },
    {
      "id": 2,
      "type": "VAELoader",
      "pos": [
        179,
        326
      ],
      "size": {
        "0": 385.8948669433594,
        "1": 58
      },
      "flags": {},
      "order": 4,
      "mode": 0,
      "outputs": [
        {
          "name": "VAE",
          "type": "VAE",
          "links": [
            10
          ],
          "shape": 3,
          "slot_index": 0
        }
      ],
      "properties": {
        "Node name for S&R": "VAELoader"
      },
      "widgets_values": [
        "vae-ft-mse-840000-ema-pruned.vae.safetensors"
      ]
    },
    {
      "id": 22,
      "type": "CheckpointLoaderSimple",
      "pos": [
        64,
        163
      ],
      "size": {
        "0": 315,
        "1": 98
      },
      "flags": {},
      "order": 5,
      "mode": 0,
      "outputs": [
        {
          "name": "MODEL",
          "type": "MODEL",
          "links": [
            34
          ],
          "shape": 3,
          "slot_index": 0
        },
        {
          "name": "CLIP",
          "type": "CLIP",
          "links": [
            33
          ],
          "shape": 3,
          "slot_index": 1
        },
        {
          "name": "VAE",
          "type": "VAE",
          "links": null,
          "shape": 3
        }
      ],
      "properties": {
        "Node name for S&R": "CheckpointLoaderSimple"
      },
      "widgets_values": [
        "darkSushiMixMix_225D.safetensors"
      ]
    }
  ],
  "links": [
    [
      2,
      4,
      0,
      3,
      0,
      "CLIP"
    ],
    [
      3,
      4,
      0,
      6,
      0,
      "CLIP"
    ],
    [
      4,
      3,
      0,
      7,
      1,
      "CONDITIONING"
    ],
    [
      5,
      6,
      0,
      7,
      2,
      "CONDITIONING"
    ],
    [
      6,
      5,
      0,
      7,
      4,
      "INT"
    ],
    [
      9,
      7,
      0,
      10,
      0,
      "LATENT"
    ],
    [
      10,
      2,
      0,
      10,
      1,
      "VAE"
    ],
    [
      29,
      20,
      0,
      7,
      0,
      "MODEL"
    ],
    [
      31,
      9,
      0,
      7,
      3,
      "LATENT"
    ],
    [
      33,
      22,
      1,
      4,
      0,
      "CLIP"
    ],
    [
      34,
      22,
      0,
      20,
      0,
      "MODEL"
    ],
    [
      37,
      26,
      0,
      20,
      2,
      "MOTION_LORA"
    ],
    [
      38,
      27,
      0,
      26,
      0,
      "MOTION_LORA"
    ],
    [
      40,
      31,
      0,
      20,
      1,
      "CONTEXT_OPTIONS"
    ],
    [
      44,
      10,
      0,
      33,
      0,
      "IMAGE"
    ]
  ],
  "groups": [
    {
      "title": "Change this to match your model reqs",
      "bounding": [
        414,
        101,
        416,
        165
      ],
      "color": "#3f789e",
      "font_size": 24
    },
    {
      "title": "Animation length determined by Latents passed in",
      "bounding": [
        722,
        -118,
        550,
        191
      ],
      "color": "#3f789e",
      "font_size": 24
    }
  ],
  "config": {},
  "extra": {},
  "version": 0.4
}