{
  "last_node_id": 54,
  "last_link_id": 76,
  "nodes": [
    {
      "id": 4,
      "type": "CLIPSetLastLayer",
      "pos": [
        431.14133986796236,
        184.59417317288003
      ],
      "size": {
        "0": 315,
        "1": 58
      },
      "flags": {},
      "order": 9,
      "mode": 0,
      "inputs": [
        {
          "name": "clip",
          "type": "CLIP",
          "link": 42
        }
      ],
      "outputs": [
        {
          "name": "CLIP",
          "type": "CLIP",
          "links": [
            2,
            3
          ],
          "shape": 3,
          "slot_index": 0
        }
      ],
      "properties": {
        "Node name for S&R": "CLIPSetLastLayer"
      },
      "widgets_values": [
        -2
      ]
    },
    {
      "id": 3,
      "type": "CLIPTextEncode",
      "pos": [
        917,
        46
      ],
      "size": {
        "0": 377.7811279296875,
        "1": 124.52955627441406
      },
      "flags": {},
      "order": 11,
      "mode": 0,
      "inputs": [
        {
          "name": "clip",
          "type": "CLIP",
          "link": 2
        }
      ],
      "outputs": [
        {
          "name": "CONDITIONING",
          "type": "CONDITIONING",
          "links": [
            30
          ],
          "shape": 3,
          "slot_index": 0
        }
      ],
      "properties": {
        "Node name for S&R": "CLIPTextEncode"
      },
      "widgets_values": [
        "1boy, solo, outdoors, city, dancing, jeans, dress shirt, blonde hair, long hair, brown eyes"
      ],
      "color": "#232",
      "bgcolor": "#353"
    },
    {
      "id": 6,
      "type": "CLIPTextEncode",
      "pos": [
        916,
        218
      ],
      "size": {
        "0": 391.23883056640625,
        "1": 78.14339447021484
      },
      "flags": {},
      "order": 12,
      "mode": 0,
      "inputs": [
        {
          "name": "clip",
          "type": "CLIP",
          "link": 3
        }
      ],
      "outputs": [
        {
          "name": "CONDITIONING",
          "type": "CONDITIONING",
          "links": [
            31
          ],
          "shape": 3,
          "slot_index": 0
        }
      ],
      "properties": {
        "Node name for S&R": "CLIPTextEncode"
      },
      "widgets_values": [
        "(worst quality, low quality: 1.4)"
      ],
      "color": "#322",
      "bgcolor": "#533"
    },
    {
      "id": 7,
      "type": "KSampler",
      "pos": [
        1505,
        -504
      ],
      "size": {
        "0": 315,
        "1": 262
      },
      "flags": {},
      "order": 14,
      "mode": 0,
      "inputs": [
        {
          "name": "model",
          "type": "MODEL",
          "link": 47
        },
        {
          "name": "positive",
          "type": "CONDITIONING",
          "link": 36
        },
        {
          "name": "negative",
          "type": "CONDITIONING",
          "link": 37
        },
        {
          "name": "latent_image",
          "type": "LATENT",
          "link": 45
        },
        {
          "name": "seed",
          "type": "INT",
          "link": 6,
          "widget": {
            "name": "seed"
          }
        }
      ],
      "outputs": [
        {
          "name": "LATENT",
          "type": "LATENT",
          "links": [
            9,
            52
          ],
          "shape": 3,
          "slot_index": 0
        }
      ],
      "properties": {
        "Node name for S&R": "KSampler"
      },
      "widgets_values": [
        44444444,
        "fixed",
        20,
        8,
        "euler",
        "normal",
        1
      ]
    },
    {
      "id": 40,
      "type": "LatentUpscaleBy",
      "pos": [
        1517,
        38
      ],
      "size": {
        "0": 315,
        "1": 82
      },
      "flags": {},
      "order": 16,
      "mode": 0,
      "inputs": [
        {
          "name": "samples",
          "type": "LATENT",
          "link": 52
        }
      ],
      "outputs": [
        {
          "name": "LATENT",
          "type": "LATENT",
          "links": [
            53
          ],
          "shape": 3,
          "slot_index": 0
        }
      ],
      "properties": {
        "Node name for S&R": "LatentUpscaleBy"
      },
      "widgets_values": [
        "nearest-exact",
        1.5
      ]
    },
    {
      "id": 24,
      "type": "ControlNetApplyAdvanced",
      "pos": [
        1023,
        -488
      ],
      "size": {
        "0": 315,
        "1": 166
      },
      "flags": {},
      "order": 13,
      "mode": 0,
      "inputs": [
        {
          "name": "positive",
          "type": "CONDITIONING",
          "link": 30
        },
        {
          "name": "negative",
          "type": "CONDITIONING",
          "link": 31
        },
        {
          "name": "control_net",
          "type": "CONTROL_NET",
          "link": 28
        },
        {
          "name": "image",
          "type": "IMAGE",
          "link": 75
        }
      ],
      "outputs": [
        {
          "name": "positive",
          "type": "CONDITIONING",
          "links": [
            36,
            57
          ],
          "shape": 3,
          "slot_index": 0
        },
        {
          "name": "negative",
          "type": "CONDITIONING",
          "links": [
            37,
            58
          ],
          "shape": 3,
          "slot_index": 1
        }
      ],
      "properties": {
        "Node name for S&R": "ControlNetApplyAdvanced"
      },
      "widgets_values": [
        1,
        0,
        1
      ],
      "color": "#323",
      "bgcolor": "#535"
    },
    {
      "id": 41,
      "type": "KSampler",
      "pos": [
        1942,
        -53
      ],
      "size": {
        "0": 315,
        "1": 262
      },
      "flags": {},
      "order": 18,
      "mode": 0,
      "inputs": [
        {
          "name": "model",
          "type": "MODEL",
          "link": 55
        },
        {
          "name": "positive",
          "type": "CONDITIONING",
          "link": 57
        },
        {
          "name": "negative",
          "type": "CONDITIONING",
          "link": 58
        },
        {
          "name": "latent_image",
          "type": "LATENT",
          "link": 53
        },
        {
          "name": "seed",
          "type": "INT",
          "link": 64,
          "widget": {
            "name": "seed"
          }
        }
      ],
      "outputs": [
        {
          "name": "LATENT",
          "type": "LATENT",
          "links": [
            59
          ],
          "shape": 3,
          "slot_index": 0
        }
      ],
      "properties": {
        "Node name for S&R": "KSampler"
      },
      "widgets_values": [
        44444444,
        "fixed",
        20,
        8,
        "euler",
        "normal",
        1
      ]
    },
    {
      "id": 5,
      "type": "PrimitiveNode",
      "pos": [
        279,
        431
      ],
      "size": {
        "0": 285.6000061035156,
        "1": 82
      },
      "flags": {},
      "order": 0,
      "mode": 0,
      "outputs": [
        {
          "name": "INT",
          "type": "INT",
          "links": [
            6,
            64
          ],
          "slot_index": 0,
          "widget": {
            "name": "seed"
          }
        }
      ],
      "title": "Primitive (I'm using this as seed)",
      "properties": {},
      "widgets_values": [
        44444444,
        "fixed"
      ],
      "color": "#2a363b",
      "bgcolor": "#3f5159"
    },
    {
      "id": 9,
      "type": "EmptyLatentImage",
      "pos": [
        964,
        -138
      ],
      "size": {
        "0": 315,
        "1": 106
      },
      "flags": {},
      "order": 7,
      "mode": 0,
      "inputs": [
        {
          "name": "batch_size",
          "type": "INT",
          "link": 71,
          "widget": {
            "name": "batch_size"
          }
        }
      ],
      "outputs": [
        {
          "name": "LATENT",
          "type": "LATENT",
          "links": [
            45
          ],
          "shape": 3,
          "slot_index": 0
        }
      ],
      "properties": {
        "Node name for S&R": "EmptyLatentImage"
      },
      "widgets_values": [
        512,
        768,
        16
      ]
    },
    {
      "id": 33,
      "type": "ADE_AnimateDiffLoaderWithContext",
      "pos": [
        470,
        -91
      ],
      "size": {
        "0": 315,
        "1": 122
      },
      "flags": {},
      "order": 8,
      "mode": 0,
      "inputs": [
        {
          "name": "model",
          "type": "MODEL",
          "link": 46
        },
        {
          "name": "context_options",
          "type": "CONTEXT_OPTIONS",
          "link": null
        },
        {
          "name": "motion_lora",
          "type": "MOTION_LORA",
          "link": null
        }
      ],
      "outputs": [
        {
          "name": "MODEL",
          "type": "MODEL",
          "links": [
            47,
            55
          ],
          "shape": 3,
          "slot_index": 0
        }
      ],
      "properties": {
        "Node name for S&R": "ADE_AnimateDiffLoaderWithContext"
      },
      "widgets_values": [
        "temporaldiff-v1-animatediff.ckpt",
        "sqrt_linear (AnimateDiff)"
      ],
      "color": "#432",
      "bgcolor": "#653"
    },
    {
      "id": 10,
      "type": "VAEDecode",
      "pos": [
        1939,
        -473
      ],
      "size": {
        "0": 210,
        "1": 46
      },
      "flags": {},
      "order": 15,
      "mode": 0,
      "inputs": [
        {
          "name": "samples",
          "type": "LATENT",
          "link": 9
        },
        {
          "name": "vae",
          "type": "VAE",
          "link": 10
        }
      ],
      "outputs": [
        {
          "name": "IMAGE",
          "type": "IMAGE",
          "links": [
            72
          ],
          "shape": 3,
          "slot_index": 0
        }
      ],
      "properties": {
        "Node name for S&R": "VAEDecode"
      }
    },
    {
      "id": 42,
      "type": "VAEDecode",
      "pos": [
        2325,
        -38
      ],
      "size": {
        "0": 210,
        "1": 46
      },
      "flags": {},
      "order": 19,
      "mode": 0,
      "inputs": [
        {
          "name": "samples",
          "type": "LATENT",
          "link": 59
        },
        {
          "name": "vae",
          "type": "VAE",
          "link": 60
        }
      ],
      "outputs": [
        {
          "name": "IMAGE",
          "type": "IMAGE",
          "links": [
            73
          ],
          "shape": 3,
          "slot_index": 0
        }
      ],
      "properties": {
        "Node name for S&R": "VAEDecode"
      }
    },
    {
      "id": 51,
      "type": "VHS_VideoCombine",
      "pos": [
        2285,
        -751
      ],
      "size": {
        "0": 315,
        "1": 507
      },
      "flags": {},
      "order": 17,
      "mode": 0,
      "inputs": [
        {
          "name": "images",
          "type": "IMAGE",
          "link": 72
        }
      ],
      "outputs": [
        {
          "name": "GIF",
          "type": "GIF",
          "links": null,
          "shape": 3
        }
      ],
      "properties": {
        "Node name for S&R": "VHS_VideoCombine"
      },
      "widgets_values": [
        8,
        0,
        "aaa_readme_cn",
        "image/gif",
        false,
        true,
        "/view?filename=aaa_readme_cn_00007_.gif&subfolder=&type=output&format=image%2Fgif"
      ],
      "color": "#223",
      "bgcolor": "#335"
    },
    {
      "id": 52,
      "type": "VHS_VideoCombine",
      "pos": [
        2328,
        81
      ],
      "size": {
        "0": 315,
        "1": 507
      },
      "flags": {},
      "order": 20,
      "mode": 0,
      "inputs": [
        {
          "name": "images",
          "type": "IMAGE",
          "link": 73
        }
      ],
      "outputs": [
        {
          "name": "GIF",
          "type": "GIF",
          "links": null,
          "shape": 3
        }
      ],
      "properties": {
        "Node name for S&R": "VHS_VideoCombine"
      },
      "widgets_values": [
        8,
        0,
        "aaa_readme_cn",
        "image/gif",
        false,
        true,
        "/view?filename=aaa_readme_cn_00008_.gif&subfolder=&type=output&format=image%2Fgif"
      ],
      "color": "#223",
      "bgcolor": "#335"
    },
    {
      "id": 20,
      "type": "ControlNetLoaderAdvanced",
      "pos": [
        557,
        -479
      ],
      "size": {
        "0": 367.79998779296875,
        "1": 58
      },
      "flags": {},
      "order": 1,
      "mode": 0,
      "inputs": [
        {
          "name": "timestep_keyframe",
          "type": "TIMESTEP_KEYFRAME",
          "link": null
        }
      ],
      "outputs": [
        {
          "name": "CONTROL_NET",
          "type": "CONTROL_NET",
          "links": [
            28
          ],
          "shape": 3,
          "slot_index": 0
        }
      ],
      "properties": {
        "Node name for S&R": "ControlNetLoaderAdvanced"
      },
      "widgets_values": [
        "control_v11p_sd15_openpose_fp16.safetensors"
      ],
      "color": "#323",
      "bgcolor": "#535"
    },
    {
      "id": 50,
      "type": "VHS_LoadImages",
      "pos": [
        119,
        -317
      ],
      "size": {
        "0": 315,
        "1": 194
      },
      "flags": {},
      "order": 2,
      "mode": 0,
      "outputs": [
        {
          "name": "IMAGE",
          "type": "IMAGE",
          "links": [
            69,
            74
          ],
          "shape": 3,
          "slot_index": 0
        },
        {
          "name": "MASK",
          "type": "MASK",
          "links": null,
          "shape": 3
        },
        {
          "name": "INT",
          "type": "INT",
          "links": [
            71
          ],
          "shape": 3,
          "slot_index": 2
        }
      ],
      "properties": {
        "Node name for S&R": "VHS_LoadImages"
      },
      "widgets_values": [
        "somi_test",
        "directory",
        16,
        0,
        1
      ],
      "color": "#223",
      "bgcolor": "#335"
    },
    {
      "id": 39,
      "type": "PreviewImage",
      "pos": [
        268,
        -731
      ],
      "size": {
        "0": 210,
        "1": 246
      },
      "flags": {},
      "order": 5,
      "mode": 0,
      "inputs": [
        {
          "name": "images",
          "type": "IMAGE",
          "link": 69
        }
      ],
      "properties": {
        "Node name for S&R": "PreviewImage"
      }
    },
    {
      "id": 54,
      "type": "PreviewImage",
      "pos": [
        1036,
        -806
      ],
      "size": {
        "0": 210,
        "1": 246
      },
      "flags": {},
      "order": 10,
      "mode": 0,
      "inputs": [
        {
          "name": "images",
          "type": "IMAGE",
          "link": 76
        }
      ],
      "properties": {
        "Node name for S&R": "PreviewImage"
      }
    },
    {
      "id": 53,
      "type": "DWPreprocessor",
      "pos": [
        558,
        -713
      ],
      "size": {
        "0": 315,
        "1": 130
      },
      "flags": {},
      "order": 6,
      "mode": 0,
      "inputs": [
        {
          "name": "image",
          "type": "IMAGE",
          "link": 74
        }
      ],
      "outputs": [
        {
          "name": "IMAGE",
          "type": "IMAGE",
          "links": [
            75,
            76
          ],
          "shape": 3,
          "slot_index": 0
        }
      ],
      "properties": {
        "Node name for S&R": "DWPreprocessor"
      },
      "widgets_values": [
        "enable",
        "enable",
        "enable",
        512
      ]
    },
    {
      "id": 2,
      "type": "VAELoader",
      "pos": [
        179,
        325
      ],
      "size": {
        "0": 385.8948669433594,
        "1": 58
      },
      "flags": {},
      "order": 3,
      "mode": 0,
      "outputs": [
        {
          "name": "VAE",
          "type": "VAE",
          "links": [
            10,
            60
          ],
          "shape": 3,
          "slot_index": 0
        }
      ],
      "properties": {
        "Node name for S&R": "VAELoader"
      },
      "widgets_values": [
        "vae-ft-mse-840000-ema-pruned.vae.safetensors"
      ]
    },
    {
      "id": 30,
      "type": "CheckpointLoaderSimple",
      "pos": [
        52,
        151
      ],
      "size": {
        "0": 315,
        "1": 98
      },
      "flags": {},
      "order": 4,
      "mode": 0,
      "outputs": [
        {
          "name": "MODEL",
          "type": "MODEL",
          "links": [
            46
          ],
          "shape": 3,
          "slot_index": 0
        },
        {
          "name": "CLIP",
          "type": "CLIP",
          "links": [
            42
          ],
          "shape": 3,
          "slot_index": 1
        },
        {
          "name": "VAE",
          "type": "VAE",
          "links": null,
          "shape": 3
        }
      ],
      "properties": {
        "Node name for S&R": "CheckpointLoaderSimple"
      },
      "widgets_values": [
        "darkSushiMixMix_225D.safetensors"
      ]
    }
  ],
  "links": [
    [
      2,
      4,
      0,
      3,
      0,
      "CLIP"
    ],
    [
      3,
      4,
      0,
      6,
      0,
      "CLIP"
    ],
    [
      6,
      5,
      0,
      7,
      4,
      "INT"
    ],
    [
      9,
      7,
      0,
      10,
      0,
      "LATENT"
    ],
    [
      10,
      2,
      0,
      10,
      1,
      "VAE"
    ],
    [
      28,
      20,
      0,
      24,
      2,
      "CONTROL_NET"
    ],
    [
      30,
      3,
      0,
      24,
      0,
      "CONDITIONING"
    ],
    [
      31,
      6,
      0,
      24,
      1,
      "CONDITIONING"
    ],
    [
      36,
      24,
      0,
      7,
      1,
      "CONDITIONING"
    ],
    [
      37,
      24,
      1,
      7,
      2,
      "CONDITIONING"
    ],
    [
      42,
      30,
      1,
      4,
      0,
      "CLIP"
    ],
    [
      45,
      9,
      0,
      7,
      3,
      "LATENT"
    ],
    [
      46,
      30,
      0,
      33,
      0,
      "MODEL"
    ],
    [
      47,
      33,
      0,
      7,
      0,
      "MODEL"
    ],
    [
      52,
      7,
      0,
      40,
      0,
      "LATENT"
    ],
    [
      53,
      40,
      0,
      41,
      3,
      "LATENT"
    ],
    [
      55,
      33,
      0,
      41,
      0,
      "MODEL"
    ],
    [
      57,
      24,
      0,
      41,
      1,
      "CONDITIONING"
    ],
    [
      58,
      24,
      1,
      41,
      2,
      "CONDITIONING"
    ],
    [
      59,
      41,
      0,
      42,
      0,
      "LATENT"
    ],
    [
      60,
      2,
      0,
      42,
      1,
      "VAE"
    ],
    [
      64,
      5,
      0,
      41,
      4,
      "INT"
    ],
    [
      69,
      50,
      0,
      39,
      0,
      "IMAGE"
    ],
    [
      71,
      50,
      2,
      9,
      0,
      "INT"
    ],
    [
      72,
      10,
      0,
      51,
      0,
      "IMAGE"
    ],
    [
      73,
      42,
      0,
      52,
      0,
      "IMAGE"
    ],
    [
      74,
      50,
      0,
      53,
      0,
      "IMAGE"
    ],
    [
      75,
      53,
      0,
      24,
      3,
      "IMAGE"
    ],
    [
      76,
      53,
      0,
      54,
      0,
      "IMAGE"
    ]
  ],
  "groups": [
    {
      "title": "Change this to match your model reqs",
      "bounding": [
        414,
        101,
        416,
        165
      ],
      "color": "#3f789e",
      "font_size": 24
    },
    {
      "title": "Animation length determined by Latents passed in",
      "bounding": [
        853,
        -210,
        550,
        191
      ],
      "color": "#3f789e",
      "font_size": 24
    },
    {
      "title": "From adv-controlnet/image",
      "bounding": [
        49,
        -398,
        454,
        253
      ],
      "color": "#3f789e",
      "font_size": 24
    }
  ],
  "config": {},
  "extra": {},
  "version": 0.4
}