{
  "last_node_id": 35,
  "last_link_id": 47,
  "nodes": [
    {
      "id": 6,
      "type": "CLIPTextEncode",
      "pos": [
        1030,
        910
      ],
      "size": {
        "0": 391.23883056640625,
        "1": 78.14339447021484
      },
      "flags": {},
      "order": 7,
      "mode": 0,
      "inputs": [
        {
          "name": "clip",
          "type": "CLIP",
          "link": 3
        }
      ],
      "outputs": [
        {
          "name": "CONDITIONING",
          "type": "CONDITIONING",
          "links": [
            5
          ],
          "shape": 3,
          "slot_index": 0
        }
      ],
      "properties": {
        "Node name for S&R": "CLIPTextEncode"
      },
      "widgets_values": [
        "(worst quality, low quality: 1.4)"
      ],
      "color": "#322",
      "bgcolor": "#533"
    },
    {
      "id": 3,
      "type": "CLIPTextEncode",
      "pos": [
        1040,
        730
      ],
      "size": {
        "0": 377.7811279296875,
        "1": 124.52955627441406
      },
      "flags": {},
      "order": 6,
      "mode": 0,
      "inputs": [
        {
          "name": "clip",
          "type": "CLIP",
          "link": 2
        }
      ],
      "outputs": [
        {
          "name": "CONDITIONING",
          "type": "CONDITIONING",
          "links": [
            4
          ],
          "shape": 3,
          "slot_index": 0
        }
      ],
      "properties": {
        "Node name for S&R": "CLIPTextEncode"
      },
      "widgets_values": [
        "1girl, solo, cherry blossom, hanami, pink flower, white flower, spring season, wisteria, petals, flower, plum blossoms, outdoors, falling petals, black eyes, upper body, from side"
      ],
      "color": "#232",
      "bgcolor": "#353"
    },
    {
      "id": 7,
      "type": "KSampler",
      "pos": [
        1480,
        650
      ],
      "size": {
        "0": 315,
        "1": 262
      },
      "flags": {},
      "order": 8,
      "mode": 0,
      "inputs": [
        {
          "name": "model",
          "type": "MODEL",
          "link": 42
        },
        {
          "name": "positive",
          "type": "CONDITIONING",
          "link": 4
        },
        {
          "name": "negative",
          "type": "CONDITIONING",
          "link": 5
        },
        {
          "name": "latent_image",
          "type": "LATENT",
          "link": 39
        },
        {
          "name": "seed",
          "type": "INT",
          "link": 6,
          "widget": {
            "name": "seed"
          }
        }
      ],
      "outputs": [
        {
          "name": "LATENT",
          "type": "LATENT",
          "links": [
            9
          ],
          "shape": 3,
          "slot_index": 0
        }
      ],
      "properties": {
        "Node name for S&R": "KSampler"
      },
      "widgets_values": [
        888888889,
        "fixed",
        20,
        8,
        "euler",
        "normal",
        1
      ]
    },
    {
      "id": 4,
      "type": "CLIPSetLastLayer",
      "pos": [
        667,
        653
      ],
      "size": {
        "0": 315,
        "1": 58
      },
      "flags": {},
      "order": 5,
      "mode": 0,
      "inputs": [
        {
          "name": "clip",
          "type": "CLIP",
          "link": 44
        }
      ],
      "outputs": [
        {
          "name": "CLIP",
          "type": "CLIP",
          "links": [
            2,
            3
          ],
          "shape": 3,
          "slot_index": 0
        }
      ],
      "properties": {
        "Node name for S&R": "CLIPSetLastLayer"
      },
      "widgets_values": [
        -2
      ]
    },
    {
      "id": 5,
      "type": "PrimitiveNode",
      "pos": [
        474,
        882
      ],
      "size": {
        "0": 285.6000061035156,
        "1": 82
      },
      "flags": {},
      "order": 0,
      "mode": 0,
      "outputs": [
        {
          "name": "INT",
          "type": "INT",
          "links": [
            6
          ],
          "slot_index": 0,
          "widget": {
            "name": "seed"
          }
        }
      ],
      "title": "Primitive (I'm using this as seed)",
      "properties": {},
      "widgets_values": [
        888888889,
        "fixed"
      ],
      "color": "#2a363b",
      "bgcolor": "#3f5159"
    },
    {
      "id": 27,
      "type": "ADE_AnimateDiffLoaderWithContext",
      "pos": [
        1058,
        342
      ],
      "size": {
        "0": 315,
        "1": 122
      },
      "flags": {},
      "order": 4,
      "mode": 0,
      "inputs": [
        {
          "name": "model",
          "type": "MODEL",
          "link": 43
        },
        {
          "name": "context_options",
          "type": "CONTEXT_OPTIONS",
          "link": null
        },
        {
          "name": "motion_lora",
          "type": "MOTION_LORA",
          "link": null
        }
      ],
      "outputs": [
        {
          "name": "MODEL",
          "type": "MODEL",
          "links": [
            42
          ],
          "shape": 3,
          "slot_index": 0
        }
      ],
      "properties": {
        "Node name for S&R": "ADE_AnimateDiffLoaderWithContext"
      },
      "widgets_values": [
        "mm_sd_v14.ckpt",
        "sqrt_linear (AnimateDiff)"
      ],
      "color": "#432",
      "bgcolor": "#653"
    },
    {
      "id": 9,
      "type": "EmptyLatentImage",
      "pos": [
        1068.5405634097942,
        563.255993835587
      ],
      "size": {
        "0": 315,
        "1": 106
      },
      "flags": {},
      "order": 1,
      "mode": 0,
      "outputs": [
        {
          "name": "LATENT",
          "type": "LATENT",
          "links": [
            39
          ],
          "shape": 3,
          "slot_index": 0
        }
      ],
      "properties": {
        "Node name for S&R": "EmptyLatentImage"
      },
      "widgets_values": [
        512,
        512,
        16
      ]
    },
    {
      "id": 10,
      "type": "VAEDecode",
      "pos": [
        1480,
        547
      ],
      "size": {
        "0": 210,
        "1": 46
      },
      "flags": {},
      "order": 9,
      "mode": 0,
      "inputs": [
        {
          "name": "samples",
          "type": "LATENT",
          "link": 9
        },
        {
          "name": "vae",
          "type": "VAE",
          "link": 10
        }
      ],
      "outputs": [
        {
          "name": "IMAGE",
          "type": "IMAGE",
          "links": [
            47
          ],
          "shape": 3,
          "slot_index": 0
        }
      ],
      "properties": {
        "Node name for S&R": "VAEDecode"
      }
    },
    {
      "id": 35,
      "type": "VHS_VideoCombine",
      "pos": [
        1827,
        543
      ],
      "size": {
        "0": 315,
        "1": 507
      },
      "flags": {},
      "order": 10,
      "mode": 0,
      "inputs": [
        {
          "name": "images",
          "type": "IMAGE",
          "link": 47
        }
      ],
      "outputs": [
        {
          "name": "GIF",
          "type": "GIF",
          "links": null,
          "shape": 3
        }
      ],
      "properties": {
        "Node name for S&R": "VHS_VideoCombine"
      },
      "widgets_values": [
        8,
        0,
        "aaa_readme",
        "image/gif",
        false,
        true,
        "/view?filename=aaa_readme_00003_.gif&subfolder=&type=output&format=image%2Fgif"
      ],
      "color": "#223",
      "bgcolor": "#335"
    },
    {
      "id": 32,
      "type": "CheckpointLoaderSimple",
      "pos": [
        256,
        631
      ],
      "size": {
        "0": 315,
        "1": 98
      },
      "flags": {},
      "order": 2,
      "mode": 0,
      "outputs": [
        {
          "name": "MODEL",
          "type": "MODEL",
          "links": [
            43
          ],
          "shape": 3,
          "slot_index": 0
        },
        {
          "name": "CLIP",
          "type": "CLIP",
          "links": [
            44
          ],
          "shape": 3,
          "slot_index": 1
        },
        {
          "name": "VAE",
          "type": "VAE",
          "links": null,
          "shape": 3
        }
      ],
      "properties": {
        "Node name for S&R": "CheckpointLoaderSimple"
      },
      "widgets_values": [
        "darkSushiMixMix_225D.safetensors"
      ]
    },
    {
      "id": 2,
      "type": "VAELoader",
      "pos": [
        398,
        780
      ],
      "size": {
        "0": 385.8948669433594,
        "1": 58
      },
      "flags": {},
      "order": 3,
      "mode": 0,
      "outputs": [
        {
          "name": "VAE",
          "type": "VAE",
          "links": [
            10
          ],
          "shape": 3,
          "slot_index": 0
        }
      ],
      "properties": {
        "Node name for S&R": "VAELoader"
      },
      "widgets_values": [
        "vae-ft-mse-840000-ema-pruned.vae.safetensors"
      ]
    }
  ],
  "links": [
    [
      2,
      4,
      0,
      3,
      0,
      "CLIP"
    ],
    [
      3,
      4,
      0,
      6,
      0,
      "CLIP"
    ],
    [
      4,
      3,
      0,
      7,
      1,
      "CONDITIONING"
    ],
    [
      5,
      6,
      0,
      7,
      2,
      "CONDITIONING"
    ],
    [
      6,
      5,
      0,
      7,
      4,
      "INT"
    ],
    [
      9,
      7,
      0,
      10,
      0,
      "LATENT"
    ],
    [
      10,
      2,
      0,
      10,
      1,
      "VAE"
    ],
    [
      39,
      9,
      0,
      7,
      3,
      "LATENT"
    ],
    [
      42,
      27,
      0,
      7,
      0,
      "MODEL"
    ],
    [
      43,
      32,
      0,
      27,
      0,
      "MODEL"
    ],
    [
      44,
      32,
      1,
      4,
      0,
      "CLIP"
    ],
    [
      47,
      10,
      0,
      35,
      0,
      "IMAGE"
    ]
  ],
  "groups": [
    {
      "title": "Change this to match your model reqs",
      "bounding": [
        595,
        571,
        416,
        165
      ],
      "color": "#3f789e",
      "font_size": 24
    },
    {
      "title": "Latents = Animation length",
      "bounding": [
        1057,
        485,
        327,
        150
      ],
      "color": "#3f789e",
      "font_size": 24
    }
  ],
  "config": {},
  "extra": {},
  "version": 0.4
}